Seg/Dir,Class,0,1,2,3,4,5,6,7,8,9,10,11,12,13,14,15,16,17,18,19,20,21,22,23
1SB,Lights,1160.1000000000001,1020.0996410770738,801.0,882.0,1217.7,2191.5,3040.2000000000003,2284.2,3009.2733373568794,2119.1132914916157,2477.1215271479755,4094.0,4147.0,4342.0,4437.0,3786.0,4961.599999999999,5086.2,6200.599999999999,6375.312765326628,4077.0,3487.5,3116.7000000000003,2226.6
1SB,Medium A,25.2,27.59689850256818,28.0,30.0,45.9,89.10000000000001,118.8,88.8,128.5200571158427,119.51170673897283,100.01836583370023,147.0,192.0,149.0,128.0,76.0,110.6,123.19999999999999,140.0,114.19302026142061,59.0,22.5,35.1,25.2
1SB,Medium B,13.5,3.9424140717954543,17.0,23.0,10.8,37.800000000000004,53.1,40.8,40.936018192453595,35.51205000243764,39.34055722792209,70.0,52.0,38.0,37.0,20.0,15.399999999999999,22.4,26.599999999999998,22.28156492905768,10.0,9.9,7.2,6.3
1SB,Heavy A,234.0,227.67441264618748,253.0,233.0,285.3,300.6,268.2,178.2,327.48814553962876,282.7305519424843,354.7318041568568,480.0,463.0,455.0,388.0,323.0,387.79999999999995,408.79999999999995,460.59999999999997,516.653786792525,339.0,267.3,244.8,219.6
1SB,Heavy B,30.6,35.48172664615909,25.0,28.0,26.1,28.8,14.4,7.8,8.568003807722846,15.024328847185156,10.668625688928024,15.0,11.0,13.0,9.0,4.0,5.6,2.8,22.4,34.81494520165263,23.0,24.3,22.5,22.5
1NB,Lights,896.0,595.0,469.0,700.0,1450.8,4208.400000000001,5278.5,6093.054995568851,5119.799999999999,5222.0,5124.0,3783.0,3663.0,3558.0,3895.0,3769.0,4720.799999999999,5598.599999999999,5926.2,5399.799999999999,3259.0,2833.2000000000003,2089.8,1458.0
1NB,Medium A,19.0,36.0,39.0,39.0,39.6,63.0,151.20000000000002,156.06817330661346,208.6,277.2,226.79999999999998,150.0,144.0,124.0,152.0,88.0,116.19999999999999,91.0,121.8,102.19999999999999,55.0,50.4,48.6,23.400000000000002
1NB,Medium B,5.0,4.0,2.0,2.0,9.9,41.4,79.2,53.72838753178496,47.599999999999994,57.4,62.99999999999999,41.0,45.0,32.0,37.0,26.0,39.199999999999996,22.4,25.2,21.0,7.0,5.4,3.6,6.3
1NB,Heavy A,215.0,249.0,234.0,303.0,254.70000000000002,262.8,257.40000000000003,266.08344301455406,424.2,606.1999999999999,599.1999999999999,439.0,410.0,401.0,356.0,295.0,424.2,401.79999999999995,401.79999999999995,429.79999999999995,303.0,271.8,220.5,215.1
1NB,Heavy B,34.0,37.0,35.0,37.0,19.8,18.0,11.700000000000001,5.116989288741425,8.399999999999999,15.399999999999999,18.2,9.0,16.0,11.0,12.0,5.0,11.2,9.799999999999999,9.799999999999999,21.0,23.0,25.2,37.800000000000004,27.900000000000002
2SB,Lights,852.0,553.0,432.0,828.0,1417.6933360841256,2242.8,3195.9,2379.6,2310.0,2455.2,2802.6,4705.2,4943.7,5222.7,5509.8,5881.033854529927,7206.396016780488,7369.583249801595,7629.634303760252,5534.4112877327,3379.5,3094.2000000000003,2344.5,1580.4
2SB,Medium A,18.0,17.0,18.0,25.0,22.882067880656063,48.6,83.7,75.0,76.8,87.0,103.8,153.9,162.9,180.9,142.20000000000002,124.27351487964417,144.57275959590487,113.37820384310147,134.9334363474083,42.292253525446235,25.2,29.7,21.6,17.1
2SB,Medium B,10.0,7.0,7.0,0.0,3.979490066201054,17.1,37.800000000000004,25.8,19.8,22.2,31.2,27.900000000000002,35.1,28.8,19.8,30.834781887430506,14.457275959590486,25.714644170600334,26.200667251923942,7.048708920907705,0.9,8.1,2.7,4.5
2SB,Heavy A,121.0,108.0,104.0,97.0,122.36931953568242,146.70000000000002,153.9,96.6,105.0,150.6,189.0,253.8,230.4,222.3,171.9,159.78023341668535,144.57275959590487,187.0155939680024,222.7056716413535,151.54724179951566,136.8,109.8,103.5,93.60000000000001
2SB,Heavy B,9.0,11.0,14.0,13.0,12.933342715153426,11.700000000000001,4.5,2.4,3.5999999999999996,10.2,6.6,10.8,13.5,8.1,9.0,2.8031619897664095,2.2241963014754593,3.5065423869000454,7.860200175577182,12.922633021664128,8.1,10.8,11.700000000000001,8.1
2NB,Lights,830.0,516.0,365.0,565.0,1379.0,3533.4,5300.1,7368.2,6154.4,6294.4,6367.2,4682.0,4542.155063485745,4929.0,5190.0,4801.0,5992.730788308239,5442.005852718923,6449.799999999999,4319.935729116986,3182.4,3005.1,2124.0,1528.3234487118928
2NB,Medium A,17.0,26.0,30.0,18.0,30.0,34.2,76.5,131.6,176.39999999999998,264.59999999999997,172.2,149.0,128.94223864433215,136.0,154.0,107.0,106.60850857564135,94.4525738312467,100.8,45.82675808822829,24.3,28.8,11.700000000000001,13.818476028136462
2NB,Medium B,5.0,5.0,3.0,3.0,0.0,27.900000000000002,51.300000000000004,39.199999999999996,42.0,65.8,60.199999999999996,31.0,33.88263205252524,33.0,40.0,27.0,33.31515892988792,26.358857813371174,9.799999999999999,12.220468823527543,5.4,0.0,2.7,1.842463470418195
2NB,Heavy A,95.0,110.0,100.0,133.0,111.0,123.3,126.9,141.39999999999998,260.4,253.39999999999998,296.79999999999995,210.0,211.76645032828276,188.0,197.0,155.0,193.22792179334996,164.74286133356983,184.79999999999998,163.9579567156612,131.4,108.9,85.5,94.88686872653705
2NB,Heavy B,10.0,12.0,14.0,13.0,9.0,9.9,4.5,5.6,0.0,5.6,4.199999999999999,6.0,8.47065801313131,10.0,14.0,5.0,3.9978190715865507,4.393142968895195,5.6,6.110234411763772,7.2,5.4,13.5,14.73970776334556
3SB,Lights,1116.0,859.0,661.0,592.0,974.8703427964635,2691.9,3908.7000000000003,6018.599999999999,5658.799999999999,5849.2,6304.2,4817.0,4729.0,4727.0,4940.0,3886.0,4830.0,4988.2,5699.4,5966.799999999999,3460.5,3116.7000000000003,2543.4,1856.7
3SB,Medium A,28.0,20.0,20.0,42.0,52.84343914223821,97.2,144.0,309.4,340.2,390.59999999999997,253.39999999999998,177.0,174.0,153.0,135.0,70.0,89.6,98.0,118.99999999999999,62.99999999999999,31.5,28.8,24.3,27.0
3SB,Medium B,6.0,2.0,11.0,6.0,18.22187556628904,45.9,70.2,118.99999999999999,75.6,99.39999999999999,81.19999999999999,73.0,74.0,53.0,41.0,22.0,21.0,33.599999999999994,22.4,19.599999999999998,4.5,2.7,4.5,2.7
3SB,Heavy A,179.0,156.0,183.0,177.0,216.84031923883956,225.9,193.5,315.0,422.79999999999995,480.2,590.8,405.0,385.0,369.0,306.0,262.0,292.59999999999997,322.0,351.4,415.79999999999995,228.6,188.1,179.1,167.4
3SB,Heavy B,30.0,29.0,20.0,19.0,21.866250679546845,22.5,10.8,18.2,5.6,19.599999999999998,14.0,11.0,13.0,11.0,8.0,2.0,7.0,5.6,22.4,29.4,18.0,18.900000000000002,23.400000000000002,19.8
3NB,Lights,521.0,358.0,350.5,534.5,1095.302007424803,2728.8,3152.0,4055.1,3523.7999999999997,3751.2999999999997,4175.5,3059.0,3063.0,3177.5,3405.0,3328.5,3942.3999999999996,4536.7,4363.799999999999,3709.9999999999995,1984.95,1808.55,1517.4,949.5
3NB,Medium A,13.0,16.5,18.5,26.5,37.03681269470704,51.300000000000004,79.0,140.0,170.1,207.2,178.5,108.0,128.0,117.0,114.5,85.0,103.6,100.1,112.0,52.5,33.300000000000004,20.25,22.95,20.0
3NB,Medium B,4.5,5.0,1.5,0.5,7.901186708204168,16.650000000000002,31.0,28.7,29.4,39.199999999999996,44.8,31.0,35.0,24.0,24.5,27.5,25.9,26.599999999999998,20.299999999999997,11.2,2.7,6.3,0.9,5.5
3NB,Heavy A,157.5,160.5,145.0,193.5,201.4802610592063,171.9,161.0,218.39999999999998,312.2,494.9,466.9,304.5,315.0,306.5,237.5,222.5,297.5,270.2,278.59999999999997,265.3,180.0,185.85,166.95000000000002,174.5
3NB,Heavy B,27.5,28.0,36.5,31.0,23.209735955349743,14.85,9.0,4.8999999999999995,11.899999999999999,6.3,19.599999999999998,7.0,17.5,6.5,7.5,2.5,7.699999999999999,5.6,7.0,13.299999999999999,14.85,20.25,33.75,20.0
4SB,Lights,1104.0,829.0,694.0,582.0,879.0,2122.0,3305.0,3754.131670536985,3773.4113953363494,3472.7723203754663,3758.7262181817114,4066.0,4019.4,4196.7,4467.6,3577.0,4660.599999999999,4664.799999999999,5370.4,6293.0,3843.0,3437.0,2852.0,2080.0
4SB,Medium A,23.0,11.0,18.0,35.0,74.0,136.0,160.0,191.54725177306037,213.60978301185656,232.57531521540412,162.483924069141,183.0,207.0,196.20000000000002,153.0,107.0,107.8,114.8,144.2,107.8,32.0,41.0,23.0,19.0
4SB,Medium B,4.0,6.0,6.0,8.0,1.0,31.0,75.0,75.84104384923202,75.9019533544668,87.74432346762974,71.98654863822703,78.0,81.9,54.9,45.0,28.0,25.2,25.2,26.599999999999998,21.0,6.0,6.0,4.0,8.0
4SB,Heavy A,188.0,179.0,173.0,198.0,254.0,263.0,234.0,266.4159745473022,344.8117309531492,398.5495174373061,438.0895674269245,435.0,380.7,349.2,279.90000000000003,262.0,310.79999999999995,324.79999999999995,389.2,413.0,239.0,223.0,218.0,196.0
4SB,Heavy B,42.0,33.0,33.0,26.0,32.0,30.0,16.0,15.557137199842465,7.59019533544668,23.25753152154041,15.425688993905792,17.0,10.8,13.5,8.1,7.0,7.0,8.399999999999999,30.799999999999997,32.199999999999996,32.0,20.0,25.0,32.0
4NB,Lights,605.0,408.0,379.0,680.0,1420.2,4625.1,5803.2,5156.376886199934,5782.138179852181,5920.951512286366,4790.740864254086,3919.5,4007.7000000000003,4147.2,4447.8,4555.8,4120.885336925819,5248.210475820451,5414.607307869834,2761.5663445997484,2186.1,2210.0,1532.7,1052.7063003396372
4NB,Medium A,23.0,23.0,17.0,21.0,38.7,75.60000000000001,120.60000000000001,161.90336559904645,215.01418357239265,281.8328614245641,232.44300349562988,207.0,206.1,185.4,182.70000000000002,116.10000000000001,127.75332882168559,124.18063688526433,120.47333935927938,58.455825662405054,42.300000000000004,30.0,15.3,18.816011012655792
4NB,Medium B,9.0,10.0,25.0,18.0,18.900000000000002,40.5,57.6,38.26806823250189,91.81686757956227,92.30333889450789,97.60593653279696,72.9,78.3,67.5,67.5,46.800000000000004,30.25736735250448,30.518970081971744,29.44903851004607,14.1425384667109,6.3,14.0,7.2,10.893480059958618
4NB,Heavy A,174.0,194.0,165.0,229.0,240.3,223.20000000000002,182.70000000000002,208.02129398180514,399.8101575616382,519.3601201797644,439.729837781776,351.90000000000003,342.0,357.3,276.3,255.6,216.84446602628213,246.2565172131513,309.2149043554837,216.8522564895671,213.3,237.0,189.9,204.99548840103944
4NB,Heavy B,46.0,47.0,55.0,40.0,29.7,19.8,14.4,5.887395112692598,0.0,20.922090149421788,20.124935367587003,11.700000000000001,18.0,8.1,8.1,5.4,7.56434183812612,6.314269672132085,13.385926595475485,16.028210262272353,19.8,39.0,38.7,31.690123810788705
5SB,Lights,1145.0,860.0,720.0,548.0,826.0,2178.0,3330.3571721345374,3594.250444604235,3497.889211212871,3280.073427547035,3521.060746485849,4216.0,4158.900000000001,4663.08653514637,5069.7,5142.0,6232.799999999999,7086.799999999999,7011.2,6742.4,3995.0,3614.0,2915.0,2078.0
5SB,Medium A,17.0,15.0,26.0,42.0,39.0,80.0,161.00963427622446,190.62963806662648,215.1321382750513,277.48794313987,199.71269435867615,212.0,231.3,152.88808311955313,165.6,155.0,166.6,156.79999999999998,159.6,140.0,30.0,26.0,19.0,21.0
5SB,Medium B,12.0,6.0,7.0,10.0,21.0,79.0,72.50141426473265,68.0220294422764,72.59603019981155,68.21962721711091,67.4705048509041,85.0,81.0,73.71389721835597,48.6,44.0,37.8,36.4,25.2,26.599999999999998,9.0,11.0,8.0,9.0
5SB,Heavy A,177.0,161.0,178.0,193.0,261.0,282.0,222.2121268373624,248.5743298137508,350.5857068186021,427.7555003883711,421.915557000987,442.0,417.6,387.680496481724,316.8,312.0,372.4,401.79999999999995,456.4,436.79999999999995,262.0,221.0,222.0,194.0
5SB,Heavy B,42.0,44.0,35.0,27.0,34.0,29.0,26.36415064172096,21.834231672829464,19.476983712144563,33.18792675427017,13.49410097018082,23.0,18.0,15.470817934716685,11.700000000000001,12.0,22.4,18.2,32.199999999999996,35.0,19.0,23.0,24.0,37.0
5NB,Lights,634.0,439.0,435.0,720.0,1775.0,5062.5,5851.8,5934.832166075127,5840.863408792898,5838.957315808311,5029.529416438117,4419.9304195284,4448.648225060836,4439.7,4782.007361523634,4975.573568374162,4192.511701661412,4418.8082504140375,5153.970231810567,3909.8830308291913,2703.0,2325.0,1728.0,1073.0
5NB,Medium A,28.0,33.0,24.0,31.0,42.0,72.0,133.20000000000002,213.5361449332242,300.75832649138385,304.9425779175854,236.34061444970152,236.025055096874,250.69419081706272,202.5,189.29718113477156,159.24019284299166,127.50463262988518,119.40514613371266,125.821312982827,79.11239771516543,47.0,34.0,37.0,29.0
5NB,Medium B,10.0,11.0,6.0,7.0,31.0,39.6,56.7,44.17989205514983,92.2781229007655,80.85598656905674,109.62181691496794,79.95950846138997,82.62580071873228,72.9,64.00047552651802,50.95686170975733,28.688542341724165,30.260208266762795,28.221602912035962,22.250361857390278,2.0,12.0,5.0,10.0
5NB,Heavy A,180.0,185.0,174.0,241.0,274.0,225.9,203.4,254.56033041300617,444.3020732259079,519.7884850867933,485.7553905498121,414.2480558843095,399.045060289332,395.1,314.59388674302517,289.3621789946934,237.47737827316115,226.54264026738633,290.44732996970345,306.560541146266,238.0,245.0,201.0,221.0
5NB,Heavy B,41.0,47.0,48.0,44.0,34.0,19.8,14.4,7.363315342524972,26.20242995947662,23.101710448301922,29.165437527835508,16.377248721007586,25.35109794779286,13.5,13.521227223912256,5.459663754616857,9.562847447241388,7.360591200023383,12.934901334683149,23.486493071689736,27.0,43.0,44.0,33.0
6SB,Lights,1112.0,806.0,644.5,587.5,892.0,2226.0,3360.977670593213,3551.2773451673143,3444.632122176856,3197.5657907318296,3327.39998466037,3598.65,4198.95,4626.0,5309.1,5278.95,6001.797012753873,6996.138711046293,6963.687877830405,6532.879966416568,4124.0,3570.0,2859.5,2040.5
6SB,Medium A,18.0,25.0,19.0,32.5,46.5,86.0,178.37985396370644,215.7052758530251,243.80033820217724,254.62187776948437,204.22137471989572,199.8,191.25,199.8,153.45000000000002,133.20000000000002,158.42581303935899,156.40289220066956,149.17821265940466,111.39638685671159,32.0,22.0,31.0,16.5
6SB,Medium B,4.5,2.5,6.0,6.0,7.5,52.5,55.067131698558455,60.694399480911926,58.569221872788674,70.80913172256137,55.89679868410939,64.8,61.65,66.15,46.800000000000004,36.0,31.36074114772294,35.2971507690227,26.28960305063279,18.134295534813514,6.5,7.0,3.0,12.0
6SB,Heavy A,178.5,173.5,174.0,185.0,257.0,277.0,242.38951132271455,252.38390575515893,381.41420097645306,443.7695583982442,441.01253764943,436.95,410.85,381.6,330.75,268.65000000000003,291.43861170039077,365.75151055487316,414.5197876355588,408.02164953330407,272.5,228.0,221.5,195.0
6SB,Heavy B,36.0,37.0,28.0,29.0,33.5,23.0,21.179666037907097,23.579119222800315,22.38010917090299,33.46458964970366,14.084232739303154,17.55,18.900000000000002,15.75,9.9,11.25,14.05826327311718,16.43143225454505,24.455444698263058,33.67797742179653,16.5,14.5,18.0,36.5
6NB,Lights,622.0,464.5,475.5,845.5,1832.0,5113.8,5700.6,6371.372139774878,6411.568584433982,6078.057557387103,5125.211146597689,4418.149786839471,4145.400000000001,4335.75,4540.05,4674.150000000001,4405.908114838926,4677.746611241119,4939.312630990159,4362.4,2621.0,2339.0,1708.5,1055.5
6NB,Medium A,31.5,26.0,24.0,23.5,44.0,72.9,133.65,224.81430394167677,311.8870105181256,284.35713076535535,255.04854975871697,231.77989373911768,231.75,183.6,194.85,147.15,150.7559540876452,134.97316954641985,114.04463877286196,86.1,32.0,31.5,19.0,21.5
6NB,Medium B,5.5,5.0,3.5,7.5,10.0,28.8,45.45,48.39326978581053,79.69748558511459,85.85515083065333,103.28412345600935,62.76342538351374,68.4,57.6,50.4,41.85,33.54973544725052,27.788593730145266,24.719035004955302,16.799999999999997,5.5,13.0,1.5,4.5
6NB,Heavy A,202.0,181.5,160.5,249.0,278.0,234.45000000000002,197.55,290.9721917501266,492.61831641192873,527.9178423416769,500.08486305996365,416.1165682906974,385.65000000000003,385.2,305.55,291.6,269.70501612789707,247.00972204573569,288.7632725578869,338.79999999999995,238.0,236.0,222.0,221.0
6NB,Heavy B,19.0,40.5,53.0,41.5,15.0,18.900000000000002,10.35,10.413741599478215,27.61172728933104,23.13826759975054,26.874950491104475,14.826005996105607,23.400000000000002,13.05,11.25,6.75,10.021349549178728,7.939598208612933,12.359517502477651,26.599999999999998,25.5,37.0,17.5,32.5
7SB,Lights,934.0,691.5,539.0,561.0,907.0,2438.5,3742.514319412776,3736.8564412380697,3415.5280107448575,3219.705543091392,3370.5893120896835,3399.3,3982.9500000000003,4440.6,5160.6,5287.05,5549.157631736084,6495.36070329598,6243.0635628732625,5753.860005502367,3670.0,3058.0,2396.5,1736.5
7SB,Medium A,22.5,24.5,18.5,26.5,34.5,76.0,146.3604349506774,200.29513857733798,222.9249051302005,202.99017468928253,171.16831038965807,186.3,175.05,165.6,157.5,129.15,126.48849509634778,126.85826017334144,129.62365579184402,76.75011262029001,40.0,34.0,27.5,18.0
7SB,Medium B,1.0,2.0,5.5,6.0,7.0,53.5,53.221976345700874,55.91763594149939,62.69762956786889,73.86028633496171,57.531570992079516,71.10000000000001,61.2,68.4,53.1,43.65,27.538085648282358,34.84518734375044,27.9804367127769,19.187528155072503,4.0,7.0,2.0,3.0
7SB,Heavy A,181.0,204.0,189.0,191.0,272.0,276.5,237.66365299200908,251.62936173674726,410.0225933644759,471.80142087434723,451.69415241715325,427.5,405.0,380.7,327.15000000000003,273.15000000000003,253.44373740707323,332.66264792236746,401.43361243024816,369.3599169851457,286.0,223.5,212.0,195.5
7SB,Heavy B,36.0,21.0,15.0,31.5,17.5,26.0,22.94050704556072,25.208770301495626,21.396810090621923,33.66421213906418,15.214960923525162,15.75,20.25,15.3,10.35,11.700000000000001,13.068922002574679,14.700313410644716,25.696319430101234,32.37895376168485,12.5,24.0,27.5,36.5
7NB,Lights,567.5,477.0,474.5,842.0,1680.5,4888.940878716492,4483.78507880865,5455.799999999999,5798.099999999999,6135.541261634288,4946.749111549401,3984.738731029186,3762.0,3875.85,4137.75,4508.55,4335.980142742605,4658.6752145671635,4903.271384781907,4200.0,2566.5,2330.0,1610.0,951.5
7NB,Medium A,25.0,36.0,22.5,41.5,54.0,80.27740448055697,132.38099839690994,211.39999999999998,329.0,341.3535288797751,264.3388594441027,201.97770987618503,203.4,175.95000000000002,194.4,147.15,138.23619861020978,119.23564822559744,111.48996269035352,65.1,39.5,33.5,17.5,28.0
7NB,Medium B,4.0,3.5,5.0,5.0,12.5,32.86209540139759,46.08485268424852,62.3,81.89999999999999,94.33029923317842,110.66681100371329,69.1366244074961,65.7,63.9,50.4,47.25,37.7788368872623,30.367131383298226,21.726249139658634,15.399999999999999,5.5,7.5,7.0,6.5
7NB,Heavy A,173.0,170.5,164.5,246.0,262.5,258.2021781538382,219.58076867200765,360.5,520.8,616.2008036239281,531.5447347173172,417.28891160238715,385.65000000000003,378.90000000000003,297.90000000000003,297.90000000000003,270.89143268025583,248.2959566046149,292.7326199869795,352.09999999999997,239.5,256.0,204.5,210.5
7NB,Heavy B,46.5,43.5,52.0,42.5,32.0,19.2477987351043,9.036245624362454,18.9,28.0,28.502680343838083,32.11057728605152,14.81499094446345,22.5,15.3,11.25,5.4,9.444709221815575,8.038358307343648,13.150098163477594,29.4,21.0,43.5,32.5,38.0
8SB,Lights,687.0,480.0,470.5,664.5,1305.5,3588.9216426498315,3901.5,3552.269100383663,3619.1710256933,3292.4989347742726,3196.7266429535416,3286.4359649358157,3335.85,3707.55,4161.150000000001,4438.8,5344.342774455245,5190.359184610828,5394.961375262008,5026.0,2896.5,2399.0,1711.0,1218.0
8SB,Medium A,23.0,34.0,23.0,28.5,34.0,55.6231169413566,126.0,161.17192294197542,202.30424251402997,186.28858124999076,175.67969754110962,169.24838780834284,162.45000000000002,157.95000000000002,152.1,132.75,150.73261470547217,138.83574072181375,134.17335132463268,80.5,35.0,28.0,21.5,20.5
8SB,Medium B,3.0,1.0,0.5,2.5,0.5,34.94903807819751,44.550000000000004,52.89233384473497,58.61635744637279,57.89419567668886,71.74354140422277,63.64493691957182,65.7,59.85,49.050000000000004,45.9,36.40141375540314,35.957458028671184,26.834670264926537,18.2,5.5,0.5,0.0,0.0
8SB,Heavy A,254.5,171.5,175.5,204.0,224.0,253.50358606016502,233.55,258.47385784502563,361.5539923904587,390.31893214283775,406.54673462392907,391.7699450382532,363.15000000000003,366.75,292.05,292.05,284.5462624542077,297.14843787582436,357.7956035323538,378.0,260.0,237.0,200.5,196.5
8SB,Heavy B,41.0,22.5,28.0,26.0,23.0,20.67407886315909,12.6,13.472575601960795,18.674237770525842,20.0762130169163,13.796834885427456,13.200431361096378,17.1,12.6,9.0,6.75,13.330095178034954,10.987001064316196,14.90815014718141,23.799999999999997,12.5,20.5,20.5,20.5
8NB,Lights,542.0,418.5,472.0,853.0,1716.5,4641.3,4319.55,4886.0,5054.0,5658.799999999999,4147.479291152971,3575.0,3403.8178963517685,3533.961731304656,3800.6535460156583,3997.35,4261.475669990913,4856.976814809086,5166.23891146226,3902.4999999999995,2502.5,2238.5,1535.0,954.0
8NB,Medium A,30.0,35.0,19.5,22.5,43.0,58.5,126.0,184.79999999999998,276.5,303.79999999999995,225.13653533074577,178.5,184.42090274548045,160.40805909499272,164.56142989149123,140.4,139.93305546655014,129.38564979047436,117.0216278529418,67.89999999999999,28.0,26.5,16.5,18.0
8NB,Medium B,3.0,1.0,3.0,2.5,0.5,29.7,47.7,61.599999999999994,70.0,84.0,102.04030018587758,58.0,67.39331754649656,64.34447568217222,53.89983066011162,48.6,37.106848574197,34.603138897452446,31.914989414438672,14.0,5.5,5.5,1.5,0.5
8NB,Heavy A,258.0,188.5,170.5,243.5,219.5,230.85,229.95000000000002,350.0,447.29999999999995,551.5999999999999,453.512445270567,389.5,369.75252599834596,372.92608089033615,295.25659450096543,317.7,278.07782907410285,307.9177867106638,345.0808230436181,349.29999999999995,238.0,256.5,198.5,205.0
8NB,Heavy B,52.0,24.0,28.5,26.0,23.0,17.1,9.0,17.5,16.099999999999998,24.5,21.055934958990612,16.0,17.759049894009227,14.953293644448474,10.016782689047291,8.1,14.306254871979567,14.041853465632876,13.962807868816919,16.099999999999998,13.0,31.0,27.5,29.5
9SB,Lights,619.5,461.0,402.0,434.0,618.5,1565.0,2893.221617311845,3132.0572332001193,2785.091184450388,2578.3684325819772,2886.5195427199424,2887.9306598272383,3057.4232274589126,3327.3,4084.2000000000003,4750.2,5337.684237996112,4690.89292125081,4424.776839064243,4247.717166903198,2535.0,1880.5,1638.5,1139.5
9SB,Medium A,9.5,16.5,13.0,24.5,52.5,66.0,118.15739615494702,178.58019198848586,203.24832546491464,215.55648886609518,146.8891433966091,128.23594379226265,111.03661811597317,131.85,118.35000000000001,110.7,111.99584313171776,93.32482163149133,94.09919681641999,55.280687138455974,28.0,24.0,19.5,22.0
9SB,Medium B,2.5,0.5,0.5,1.5,0.0,42.0,48.57062924946439,45.105306223895916,61.367248026846205,64.03151936838655,52.74207497797709,62.449474486194816,56.20940834086609,54.9,45.0,24.75,20.70511385628396,24.651839676242997,21.674534098164155,10.801973348893695,2.0,2.5,0.0,2.5
9SB,Heavy A,150.0,173.0,176.0,186.5,217.5,263.5,247.0563737785256,254.98305763304424,383.91350365594985,439.422411543355,451.51159513857027,436.6696078576676,363.5182227946176,335.7,309.15000000000003,265.5,245.1673708891805,244.31733964847967,336.7482492812333,351.381838937542,280.5,214.0,176.0,188.0
9SB,Heavy B,23.0,22.0,36.5,26.0,24.5,15.5,7.005379218672748,9.665422762263411,24.54689921073848,22.973140536749373,17.744997188852107,11.441125096707449,18.89004706537303,14.4,15.3,6.3,8.470273850297982,7.043382764640856,17.445356713156514,33.67674044066858,17.5,32.5,20.0,10.5
9NB,Lights,447.0,330.5,400.0,753.5,1581.0,4134.6,4294.35,4559.680828468712,3916.418368483427,3611.6667981472137,3306.229052938382,3109.0,3140.7837231380095,3280.045164206609,3508.0,3672.685281185649,3983.6982307513226,4081.3337016353967,4234.214916710696,3563.7,2350.0,2164.5,1329.0,825.0
9NB,Medium A,27.5,25.0,32.5,16.0,54.0,59.4,108.45,160.1377109030337,212.6413982609685,184.31599625612293,170.0632190618835,150.5,175.0444383282687,167.61851777754276,171.5,143.79576518120962,143.24183679088532,127.0585657587724,116.58895968215641,56.0,34.0,50.5,18.5,38.0
9NB,Medium B,2.0,1.0,1.5,1.0,0.5,21.6,38.7,32.81974287058642,47.98062319734673,60.75219988330309,76.52844857784757,57.5,70.59012771821192,59.619414486472934,56.0,47.61761404361367,42.332639051601845,32.36853196136027,32.69425853520788,11.2,0.5,0.0,6.5,0.0
9NB,Heavy A,160.0,178.0,184.5,218.5,169.5,215.55,225.9,291.98254002107916,360.9451426891311,393.85960093836326,375.63963975139563,360.5,386.81482148290445,386.0601429861772,271.5,336.62352898158576,304.20431318476676,300.4959235815834,342.36440541585614,356.29999999999995,257.0,239.5,191.0,169.0
9NB,Heavy B,36.0,19.5,12.0,22.0,19.5,20.25,13.950000000000001,22.068447792290865,14.721327571913202,20.079116910583224,18.506879721440264,14.5,20.032333541654733,15.149195484267713,10.0,10.372153554054464,14.767199669163436,12.077810433343386,14.188074458675118,9.1,5.0,20.5,17.0,33.5
10SB,Lights,639.0,476.0,441.0,474.0,612.0,1413.0,2850.3,2772.7081473090325,2550.4865629286955,2427.3167926513506,2698.926250025724,3093.3,3139.2000000000003,3466.8,4289.400000000001,5381.1,3700.2,4033.7108926414126,4056.505786173759,3441.4942230130982,2648.0,1898.0,1617.0,1036.0
10SB,Medium A,15.0,5.0,18.0,30.0,55.0,66.0,117.0,110.10754375595437,148.76560228748255,171.09545244643905,131.10226461894072,133.20000000000002,129.6,137.70000000000002,151.20000000000002,153.0,99.6,88.09600453637191,121.86210797970553,41.01780905335379,35.0,28.0,14.0,35.0
10SB,Medium B,1.0,0.0,0.0,0.0,0.0,25.0,48.6,37.3698330323239,46.776813090394,43.9731303016549,56.649126687196606,52.2,45.9,45.0,62.1,37.800000000000004,25.2,16.291726866315354,20.032127339129676,12.005212405859645,3.0,8.0,3.0,0.0
10SB,Heavy A,213.0,218.0,210.0,181.0,229.0,303.0,283.5,207.53603701879882,340.47385265794975,396.5576841749242,410.3015318629811,482.40000000000003,441.0,404.1,383.40000000000003,358.2,204.0,229.89436800245,333.8687889854946,344.14942230130987,339.0,266.0,227.0,211.0
10SB,Heavy B,16.0,15.0,35.0,30.0,22.0,14.0,6.3,6.005866023052056,13.03616102519177,21.586809420812404,15.376191529381936,11.700000000000001,15.3,15.3,14.4,8.1,9.0,1.2067945826900262,13.354751559419784,26.011293546029233,17.0,27.0,17.0,15.0
10NB,Lights,451.0,339.0,374.0,677.0,1470.0,3705.3,5039.1,3149.2871532678664,2829.6949427742074,2916.600715882721,2878.6256925637995,2900.7000000000003,3203.1,3323.7000000000003,3446.1,3888.0,3597.9418997027956,3838.050415628755,3900.725995170648,3730.9999999999995,2512.0,2237.0,1240.0,843.0
10NB,Medium A,21.0,21.0,36.0,36.0,46.0,60.300000000000004,148.5,114.19051893164642,180.57080198505977,167.52445237695125,153.8606647361633,148.5,126.9,165.6,139.5,142.20000000000002,119.8212162280444,104.16795699881507,112.36659245347545,44.8,47.0,25.0,26.0,34.0
10NB,Medium B,0.0,0.0,0.0,0.0,0.0,18.0,45.9,33.69556296343665,55.67599727872677,49.419713451200614,60.82863489569247,54.0,64.8,46.800000000000004,47.7,42.300000000000004,33.054128614632944,23.347990361803376,28.664947054458022,9.799999999999999,4.0,7.0,0.0,1.0
10NB,Heavy A,204.0,184.0,193.0,242.0,227.0,278.1,324.90000000000003,229.62902167675347,322.77030854829434,411.27253058541527,407.909669300526,403.2,441.0,417.6,296.1,376.2,314.84057505437875,297.237877298343,353.15214771092286,372.4,251.0,262.0,203.0,213.0
10NB,Heavy B,35.0,26.0,23.0,27.0,23.0,23.400000000000002,12.6,13.727821948066783,9.780918440857405,17.59006749957988,12.52354247852492,16.2,19.8,16.2,7.2,9.0,12.395298230487352,10.775995551601559,9.172783057426567,2.8,11.0,29.0,19.0,30.0
