,Period,Hours/Day,Peak,4Periods,Segment,Direction,SegDir,Length,Speed GP,Capacity GP,Alpha GP,Beta GP,Speed ML,Capacity ML,Alpha ML,Beta ML,Year,MinToll,MinCapture,MaxToll,Soft Cap,MaxCapture,MaxCap_aux,B1,B2,TotalLights,TotalHeavies,TotalVeh,Corridor PCE pre-fix,Suppressed ratio ref,Suppressed ratio,Corridor PCE,Suppressed Demand,PCE ratio,HOV3,InScopeLights,InScopeHeavies,InScopeVeh,TollLights,TollHeavies,CaptureRateLights,CaptureRateHeavies,VOT Lights,VOT Heavies,Speed GP real,Speed ML real,Bounus Seg,Time ML,Time GP,Time Savings,BonusRel,MLVeh_Lights,GPVeh_Lights,MLVeh_Heavies,GPVeh_Heavies,MLVeh,GPVeh,GPVehDay,ML PCE,GP PCE,TollLightsPerSeg,TollHeaviesPerSeg,TollBlend,RevenuePerHour,RevenuePerHourLights,RevenuePerHourHeavies,RevenuePerDay,RevenuePerDayLights,RevenuePerDayHeavies,TransactionsDay_Lights,TransactionsDay_Heavies,TransactionsDay,TotalVeh_hours
48,Night,8,OP,NT,4,NB,4NB,3.3,70,8000.0,1,6,70,3600,1,6,2032,0.5,0,3.6,1.8,0.3103448275862069,0.3103448275862069,3.402,0.708,1997.2,370.0,2367.2,3107.2,1.2,0.38839999999999997,3107.2,0.0,1.0,0.0,1757.536,325.6,2083.136,0.5263675060504074,1.5791025181512222,0.1274821512057525,0.12745281800839553,67.23493101046172,201.70479303138518,69.88250812869408,69.99994233981103,1.3095015193896187,2.828573758515678,2.8333270413730367,-0.004753282857358876,0.0033289289611256713,224.05447010155342,1773.1455298984465,41.49863754353359,328.5013624564664,265.55310764508704,2101.646892354913,16813.175138839302,348.55038273215416,2758.6496172678458,1.7370127699663442,5.211038309899033,0.6908809967188997,605.4364657824086,389.1854757344408,216.25099004796783,4843.491726259269,3113.4838058755263,1730.0079203837427,1792.4357608124274,331.9891003482687,2124.4248611606963,18937.6
49,AM-Early,1,OP,AM,4,NB,4NB,3.3,70,10800.0,1,6,70,3600,1,6,2032,0.5,0,3.6,1.8,0.25,0.25,3.246,0.715,8742.2,741.8,9484.0,10967.6,1.2,1.0155185185185185,10967.6,0.0,1.0,0.0,7693.136,652.784,8345.92,1.7999999934706903,5.399999980412071,0.1337512169568376,0.13316825698065962,56.90665637272147,170.7199691181644,46.12058040407909,69.85228920275793,2.8397470452089757,2.8345527721399644,4.293094281668842,-1.4585415095288776,1.0251659971681895,1028.9663022144578,7713.233697785543,86.93010746486291,654.8698925351371,1115.8964096793206,8368.10359032068,8368.10359032068,1289.7566246090464,9677.843375390954,5.939999978453278,17.81999993535983,2.08044572573024,7661.154322387708,6112.059812983028,1549.0945094046804,7661.154322387708,6112.059812983028,1549.0945094046804,1028.9663022144578,86.93010746486291,1115.8964096793206,9484.0
50,AM-Peak,2,Peak,AM,4,NB,4NB,3.3,70,8800.0,1,6,70,3600,1,6,2032,0.5,0,3.6,1.8,0.2903225806451613,0.2903225806451613,3.246,0.715,8432.550000000001,726.915,9159.465,10107.9,1.2,1.148625,10107.9,0.0,1.0,0.0,7420.644000000001,639.6852,8060.3292,1.7999987043696786,5.399996113109036,0.2025887620809784,0.2022047350554217,46.64132644627048,139.92397933881145,42.10351682812412,68.55815511772889,3.368571089613941,2.888059045054407,4.702695045838566,-1.814636000784159,1.3118865320869961,1503.33908180364,6929.210918196361,129.34737638487445,597.5676236151255,1632.6864581885145,7526.778541811486,15053.557083622973,1891.3812109582634,8721.913789041737,5.939995724419939,17.81998717325982,2.0852036299555907,11234.796306340291,8929.827718267019,2304.9685880732727,22469.592612680583,17859.655436534038,4609.937176146545,3006.67816360728,258.6947527697489,3265.372916377029,18318.93
51,AM-Shoulder,1,OP,AM,4,NB,4NB,3.3,70,9600.0,1,6,70,3600,1,6,2032,0.5,0,3.6,1.8,0.2727272727272727,0.2727272727272727,3.246,0.715,7069.7,1091.7,8161.4,10344.8,1.2,1.0775833333333333,10344.8,0.0,1.0,0.0,6221.336,960.696,7182.032,1.799999503861237,5.3999985115837115,0.15981960015436927,0.15950958556508457,52.41895711951566,157.25687135854702,42.91903825739241,69.69744109291695,2.7573822763173577,2.840850351105959,4.613337298300162,-1.7724869471942029,1.2493361088101138,994.2914319459832,6075.4085680540165,153.2402208140345,938.4597791859655,1147.5316527600176,7013.8683472399825,7013.8683472399825,1454.0120943880866,8890.787905611913,5.939998362742082,17.819995088226246,2.280739744487146,8636.82946007242,5906.08947784762,2730.7399822248003,8636.82946007242,5906.08947784762,2730.7399822248003,994.2914319459832,153.2402208140345,1147.5316527600176,8161.4
52,MD,5,OP,MD,4,NB,4NB,3.3,70,8800.0,1,6,70,3600,1,6,2032,0.5,0,3.6,1.8,0.2903225806451613,0.2903225806451613,3.249,0.708,7241.1,713.8,7954.900000000001,9382.5,1.2,1.0661931818181818,9382.5,0.0,1.0,0.0,6372.168000000001,628.144,7000.312000000001,1.7999999990026938,5.399999997008082,0.15870771841123574,0.158271850549147,52.38704385750082,157.16113157250246,43.8578950046683,69.83817716013394,2.9230661120599577,2.8351255438125222,4.514580555654224,-1.6794550118417013,1.1802063889579562,1011.3122446130873,6229.787755386913,99.4175132913434,614.3824867086565,1110.7297579044307,6844.17024209557,34220.85121047785,1309.5647844871173,8072.935215512883,5.939999996708889,17.819999990126668,2.122223334700279,7778.814815543556,6007.194729673398,1771.6200858701573,38894.07407771778,30035.97364836699,8858.100429350787,5056.561223065436,497.087566456717,5553.648789522153,39774.5
53,PM-Shoulder,1,OP,PM,4,NB,4NB,3.3,70,8800.0,1,6,70,3600,1,6,2032,0.5,0,3.6,1.8,0.2903225806451613,0.2903225806451613,3.399,0.592,8018.4,513.0,8531.4,9557.4,1.2,1.0860681818181819,9557.4,0.0,1.0,0.0,7056.192,451.44,7507.632,1.799986761131925,5.3999602833957745,0.17021672511262956,0.1697584880297807,52.7037182847711,158.1111548543133,43.205881635544905,69.72496279860214,2.7770623003368473,2.8397290160184863,4.58270940216408,-1.742980386145594,1.2278965815148561,1201.0818940059357,6817.318105994063,76.6357718361642,436.36422816383583,1277.7176658421,7253.682334157899,7253.682334157899,1430.9892095144282,8126.410790485571,5.939956311735352,17.819868935206056,2.0159082881201407,8500.01338708041,7134.373977211609,1365.6394098688015,8500.01338708041,7134.373977211609,1365.6394098688015,1201.0818940059357,76.6357718361642,1277.7176658421,8531.4
54,PM-Peak,3,Peak,PM,4,NB,4NB,3.3,70,8800.0,1,6,70,3600,1,6,2032,0.5,0,3.6,1.8,0.2903225806451613,0.2903225806451613,3.399,0.592,7632.66,715.6800000000001,8348.34,9314.0,1.2,1.0584090909090909,9314.0,0.0,1.0,0.0,6716.7408,629.7984,7346.5392,1.799999636483743,5.399998909451229,0.18183718201649196,0.1815015226952152,51.30623776426797,153.91871329280391,47.733817674137704,69.53198605512736,3.6805498874388447,2.8476103047454844,4.148002603765692,-1.3003922990202073,0.9236018226359841,1221.3532194071977,6411.306780592802,114.30936859101021,601.3706314089899,1335.662587998208,7012.677412001792,21038.032236005376,1564.2813251802284,8215.418674819772,5.939998800396351,17.819996401189055,2.108096642058897,9291.829195052971,7254.8366581389755,2036.992536913995,27875.487585158913,21764.509974416927,6110.977610741986,3664.059658221593,342.92810577303067,4006.9877639946235,25045.02
55,PM-Late,3,OP,NT,4,NB,4NB,3.3,70,8000.0,1,6,70,3600,1,6,2032,0.5,0,3.6,1.8,0.3103448275862069,0.3103448275862069,3.402,0.708,3918.5,309.5,4228.0,4847.0,1.2,0.605875,4847.0,0.0,1.0,0.0,3448.28,272.36,3720.64,0.8711738487268533,2.61352154618056,0.1263055171403385,0.12614224936030916,67.53895409227955,202.61686227683865,68.33282018632467,69.99921494348479,2.053586492114063,2.8286031516190446,2.897582734915797,-0.06897958329675236,0.048307914441057934,435.53678864468645,3482.9632113553134,34.356103035773806,275.1438969642262,469.89289168046025,3758.1071083195397,11274.321324958619,538.6050977520079,4308.394902247992,2.874873700798616,8.624621102395848,0.9985651714680567,1548.4216306433154,1252.1132594048945,296.3083712384208,4645.264891929946,3756.3397782146835,888.9251137152625,1306.6103659340592,103.06830910732143,1409.6786750413808,12684.0
56,Night,8,OP,NT,4,SB,4SB,3.3,70,8000.0,1,6,70,3600,1,6,2032,0.5,0,3.6,1.8,0.3103448275862069,0.3103448275862069,3.402,0.708,1901.6,322.5,2224.1,2869.1,1.2,0.3586375,2869.1,0.0,1.0,0.0,1673.408,283.8,1957.2079999999999,0.5000252067775085,1.5000756203325256,0.12360186879082319,0.1235718732693396,68.13469994048856,204.40409982146568,69.92543496713527,69.99997031138287,1.22998934523081,2.8285726282344257,2.8315876775462225,-0.003015049311796858,0.002111374282356027,206.83635604951382,1694.763643950486,35.06969763383858,287.4303023661614,241.9060536833524,1982.1939463166475,15857.55157053318,312.0454489510296,2557.05455104897,1.650083182365778,4.950249547097334,0.6450049007039661,514.9009474478728,341.2971926191229,173.60375482874989,4119.207579582982,2730.377540952983,1388.830038629999,1654.6908483961106,280.55758107070864,1935.2484294668193,17792.8
57,AM-Early,1,OP,AM,4,SB,4SB,3.3,70,8800.0,1,6,70,3600,1,6,2032,0.5,0,3.6,1.8,0.2903225806451613,0.2903225806451613,3.246,0.715,5163.8,438.1,5601.900000000001,6478.1,1.2,0.7361477272727273,6478.1,0.0,1.0,0.0,4544.144,385.528,4929.6720000000005,1.0351796908012358,3.1055390724037073,0.11761093037685585,0.11736383080677011,60.094500796231465,180.2835023886944,64.65635064402366,69.99708645299398,2.501816926174469,2.8286891645549477,3.062344194000711,-0.23365502944576333,0.16364093580049785,534.4410036064073,4629.358996393593,45.24704296327247,392.85295703672756,579.6880465696798,5022.21195343032,5022.21195343032,670.1821324962248,5807.917867503776,3.416092979644078,10.248278938932234,1.1967797797510102,2289.404477903251,1825.7001604537836,463.7043174494672,2289.404477903251,1825.7001604537836,463.7043174494672,534.4410036064073,45.24704296327247,579.6880465696798,5601.900000000001
58,AM-Peak,2,Peak,AM,4,SB,4SB,3.3,70,9600.0,1,6,70,3600,1,6,2032,0.5,0,3.6,1.8,0.2727272727272727,0.2727272727272727,3.246,0.715,6230.7,535.71,6766.41,7464.6,1.2,0.7775625,7464.6,0.0,1.0,0.0,5483.016,471.42480000000006,5954.4408,1.7263222155493083,5.178966646647925,0.10747822688945642,0.1069949432584732,62.49960063485187,187.49880190455565,62.60804572730964,69.99469310518114,4.081150242946924,2.8287858867023687,3.1625328294448325,-0.33374694274246375,0.23377298061138263,589.3048376865197,5641.39516231348,50.440069726637084,485.26993027336295,639.7449074131567,6126.665092586843,12253.330185173685,740.6250468664309,7097.204953133569,5.696863311312717,17.09058993393815,1.9985426331374547,4219.239656932632,3357.18910899543,862.0505479372023,8438.479313865264,6714.37821799086,1724.1010958744046,1178.6096753730394,100.88013945327417,1279.4898148263135,13532.82
59,AM-Shoulder,1,OP,AM,4,SB,4SB,3.3,70,8800.0,1,6,70,3600,1,6,2032,0.5,0,3.6,1.8,0.2903225806451613,0.2903225806451613,3.246,0.715,5225.6,807.0,6032.6,7646.6,1.2,0.8689318181818182,7646.6,0.0,1.0,0.0,4598.528,710.16,5308.688,1.4675026289406417,4.402507886821925,0.11535721076920136,0.11510326257032057,60.62357434435691,181.87072303307073,57.07010615168448,69.99299517171092,2.9848496373658935,2.828854509144162,3.469417061775622,-0.6405625526314598,0.44859194324293516,530.473363724074,4695.126636275926,81.74173294693885,725.2582670530611,612.2150966710129,5420.384903328987,5420.384903328987,775.6985625648906,6870.90143743511,4.842758675504117,14.528276026512353,1.8593786497904108,3756.5209434371973,2568.9544842986106,1187.5664591385867,3756.5209434371973,2568.9544842986106,1187.5664591385867,530.473363724074,81.74173294693885,612.2150966710129,6032.6
60,MD,5,OP,MD,4,SB,4SB,3.3,70,8000.0,1,6,70,3600,1,6,2032,0.5,0,3.6,1.8,0.3103448275862069,0.3103448275862069,3.249,0.708,6974.1,674.5,7648.6,8997.6,1.2,1.1247,8997.6,0.0,1.0,0.0,6137.2080000000005,593.5600000000001,6730.768,1.7999999998622562,5.399999999586768,0.18393243273946838,0.18354349417759871,48.81314917044678,146.43944751134032,41.12730020094304,69.69538201707637,2.8427042615012414,2.840934281004259,4.814320391384697,-1.9733861103804378,1.3900242739692874,1128.8315976681274,5845.2684023318725,108.94407640405551,565.5559235959445,1237.775674072183,6410.824325927817,32054.121629639085,1455.663826880294,7541.936173119706,5.939999999545445,17.819999998636334,2.116857636702286,8646.643131007266,6705.259689635561,1941.3834413717059,43233.21565503633,33526.298448177804,9706.917206858529,5644.1579883406375,544.7203820202775,6188.878370360915,38243.0
61,PM-Shoulder,1,OP,PM,4,SB,4SB,3.3,70,6400.0,1,6,70,3600,1,6,2032,0.5,0,3.6,1.8,0.36,0.36,3.399,0.592,7983.2,510.8,8494.0,9515.6,1.2,1.4868125,9515.6,0.0,1.0,0.0,7025.215999999999,449.504,7474.72,3.599999012747477,10.79999703824243,0.25880811384952,0.2581155975814532,43.97439957944838,131.92319873834515,21.25694123057393,66.82752854155137,2.8860358929617638,2.9628508538496896,9.314604479181414,-6.351753625331725,4.54022313542699,1818.1829023454695,6165.0170976545305,116.02399357525354,394.77600642474647,1934.2068959207231,6559.793104079277,6559.793104079277,2166.2548830712303,7349.34511692877,11.879996742066673,35.63999022620002,4.031893101437617,25735.10095337224,21600.006956345507,4135.09399702673,25735.10095337224,21600.006956345507,4135.09399702673,1818.1829023454695,116.02399357525354,1934.2068959207231,8494.0
62,PM-Peak,3,Peak,PM,4,SB,4SB,3.3,70,8000.0,1,6,70,3600,1,6,2032,0.5,0,3.6,1.8,0.3103448275862069,0.3103448275862069,3.399,0.592,7558.950000000001,504.105,8063.055,8639.3,1.2,1.0799124999999998,8639.3,0.0,1.0,0.0,6651.876000000001,443.61240000000004,7095.4884,1.7999999858147777,5.399999957444333,0.19425920656385304,0.19388945241167485,49.92298432548395,149.76895297645186,47.164401378452574,69.55650517062121,3.758014786342153,2.84660650379585,4.198081481226175,-1.3514749774303247,0.9586570368583223,1292.1881539211367,6266.7618460788635,86.01176531902888,418.09323468097114,1378.1999192401656,6684.855080759835,20054.565242279503,1550.2234498782234,7521.041550121777,5.939999953188766,17.8199998595663,2.0246715653045118,9208.327219708775,7675.597573802631,1532.729645906144,27624.981659126326,23026.79272140789,4598.1889377184325,3876.5644617634102,258.03529595708665,4134.599757720497,24189.165
63,PM-Late,3,OP,NT,4,SB,4SB,3.3,70,8000.0,1,6,70,3600,1,6,2032,0.5,0,3.6,1.8,0.3103448275862069,0.3103448275862069,3.402,0.708,5523.6,436.2,5959.8,6832.200000000001,1.2,0.8540250000000001,6832.200000000001,0.0,1.0,0.0,4860.768,383.856,5244.624,1.5938516629026929,4.781554988708079,0.1215643725198598,0.12114745268782821,68.73773515528863,206.2132054658659,58.485310367230845,69.99511754989676,2.9559224560241573,2.8287687331741904,3.385465491364458,-0.5566967581902675,0.38982584395512065,590.8962118846139,4932.7037881153865,46.503176598938985,389.696823401061,637.3993884835529,5322.4006115164475,15967.201834549342,730.4057416814309,6101.7942583185695,5.259710487578886,15.77913146273666,1.826419081986086,3841.7227397096567,3107.9430027201392,733.7797369895173,11525.16821912897,9323.829008160417,2201.339210968552,1772.6886356538416,139.50952979681696,1912.1981654506585,17879.4
176,Night,8,OP,NT,4,NB,4NB,3.3,70,8000.0,1,6,70,3600,1,6,2040,0.5,0,4.2,2.1,0.3103448275862069,0.3103448275862069,3.506,0.708,2321.8,419.3,2741.1000000000004,3579.7000000000003,1.2,0.44746250000000004,3579.7000000000003,0.0,1.0,0.0,2043.1840000000002,368.98400000000004,2412.168,0.7264129427630888,2.1792388282892663,0.11856114165190938,0.11851017511940846,76.96894404059027,230.90683212177083,69.71108859681989,69.99991279951452,1.5684466022575438,2.8285749521872723,2.840294191145832,-0.011719238958559863,0.008205933802082526,242.24222764491483,2079.5577723550855,43.72835845625982,375.5716415437402,285.97058610117466,2455.1294138988255,19641.035311190604,373.4273030136943,3206.272696986306,2.397162711118193,7.191488133354579,0.9485675774860647,895.1660060978624,580.6940351685945,314.47197092926785,7161.328048782899,4645.552281348756,2515.775767434143,1937.9378211593187,349.82686765007855,2287.7646888093973,21928.800000000003
177,AM-Early,1,OP,AM,4,NB,4NB,3.3,70,10800.0,1,6,70,3600,1,6,2040,0.5,0,4.2,2.1,0.25,0.25,3.35,0.715,10162.8,840.6,11003.4,12684.599999999999,1.2,1.1744999999999999,12684.599999999999,0.0,1.0,0.0,8943.264,739.7280000000001,9682.992,2.0999999980869455,6.299999994260837,0.18351767237340558,0.18293546633552554,54.43712539710533,163.31137619131601,36.59189788627813,67.71008996967382,2.197918403755145,2.92423182554743,5.41103390196794,-2.48680207642051,1.8077237313775585,1641.2469927008724,8521.553007299128,135.32248664144566,705.2775133585544,1776.5694793423181,9226.830520657682,9226.830520657682,2047.2144526252093,10637.38554737479,6.92999999368692,20.78999998106076,2.4199168096640062,14187.196143768471,11373.841649055721,2813.3544947127502,14187.196143768471,11373.841649055721,2813.3544947127502,1641.2469927008724,135.32248664144566,1776.5694793423181,11003.4
178,AM-Peak,2,Peak,AM,4,NB,4NB,3.3,70,8800.0,1,6,70,3600,1,6,2040,0.5,0,4.2,2.1,0.2903225806451613,0.2903225806451613,3.35,0.715,9802.905,823.725,10626.630000000001,11689.6,1.2,1.3283636363636364,11689.6,0.0,1.0,0.0,8626.556400000001,724.878,9351.4344,4.199993382348123,12.59998014704437,0.185139832589431,0.1839349225377528,54.321983101233215,162.96594930369966,25.13176320152068,68.01747856994987,4.5099978473151365,2.9110164646337893,7.8784762697437545,-4.967459805109965,3.534933388820628,1597.119207719285,8205.785792280716,133.33037877932117,690.3946212206788,1730.449586498606,8896.180413501395,17792.36082700279,1997.1103440572485,10276.969655942752,13.859978161748804,41.57993448524642,4.847208664328334,27679.90575523611,22136.037340698844,5543.868414537264,55359.81151047222,44272.07468139769,11087.736829074527,3194.23841543857,266.66075755864233,3460.899172997212,21253.260000000002
179,AM-Shoulder,1,OP,AM,4,NB,4NB,3.3,70,9600.0,1,6,70,3600,1,6,2040,0.5,0,4.2,2.1,0.2727272727272727,0.2727272727272727,3.35,0.715,8218.5,1237.1,9455.6,11929.8,1.2,1.2426875,11929.8,0.0,1.0,0.0,7232.28,1088.648,8320.928,2.099999992348766,6.299999977046299,0.21278750561079132,0.2124758829745336,50.456036520216195,151.36810956064858,33.945497999236636,66.22932057741515,2.0584291349478754,2.989612429566731,5.832879517762638,-2.8432670881959075,2.103015662433847,1538.9388210788138,6679.561178921186,231.31144504846003,1005.7885549515399,1770.2502661272738,7685.349733872727,7685.349733872727,2232.8731562241937,9696.926843775806,6.929999974750928,20.789999924252786,2.6487970095011697,15473.81091625569,10664.845991219403,4808.964925036286,15473.81091625569,10664.845991219403,4808.964925036286,1538.9388210788138,231.31144504846003,1770.2502661272738,9455.6
180,MD,5,OP,MD,4,NB,4NB,3.3,70,8800.0,1,6,70,3600,1,6,2040,0.5,0,4.2,2.1,0.2903225806451613,0.2903225806451613,3.353,0.708,8417.8,808.9,9226.699999999999,10844.5,1.2,1.2323295454545455,10844.5,0.0,1.0,0.0,7407.664,711.832,8119.495999999999,2.0999999982201825,6.299999994660547,0.213581431943737,0.21313973021815336,50.23452445613071,150.70357336839214,34.91410863147827,67.77374699822329,2.296283046679967,2.9214852176491086,5.67105985978072,-2.7495746421316114,1.9897419018465043,1582.1394844780705,6835.660515521929,151.71968044064855,657.1803195593515,1733.859164918719,7492.84083508128,37464.2041754064,2037.2985258000163,8807.201474199983,6.929999994126602,20.789999982379804,2.4675169628062474,14118.478771828246,10964.226618140494,3154.252153687753,70592.39385914123,54821.13309070247,15771.260768438766,7910.697422390353,758.5984022032427,8669.295824593595,46133.49999999999
181,PM-Shoulder,1,OP,PM,4,NB,4NB,3.3,70,8800.0,1,6,70,3600,1,6,2040,0.5,0,4.2,2.1,0.2903225806451613,0.2903225806451613,3.502,0.592,9321.4,581.4,9902.8,11065.599999999999,1.2,1.2574545454545454,11065.599999999999,0.0,1.0,0.0,8202.832,511.632,8714.464,2.099999809791262,6.299999429373786,0.22821294238589368,0.22777237518845825,51.622163671620925,154.8664910148628,34.47633931638357,66.33621401946061,2.048054709310846,2.9847950011424236,5.74306912874326,-2.7582741276008362,2.0401483901202817,1871.9924266171652,7449.407573382834,116.53563586242127,464.8643641375787,1988.5280624795864,7914.271937520412,7914.271937520412,2221.599334204429,8844.000665795571,6.929999372311165,20.789998116933493,2.3461364550441632,15395.681991563593,12972.906341428208,2422.7756501353856,15395.681991563593,12972.906341428208,2422.7756501353856,1871.9924266171652,116.53563586242127,1988.5280624795864,9902.8
182,PM-Peak,3,Peak,PM,4,NB,4NB,3.3,70,8800.0,1,6,70,3600,1,6,2040,0.5,0,4.2,2.1,0.2903225806451613,0.2903225806451613,3.502,0.592,8873.025,811.02,9684.045,10767.7,1.2,1.2236022727272728,10767.7,0.0,1.0,0.0,7808.262,713.6976,8521.9596,2.0999998214342264,6.2999994643026795,0.22357162832339791,0.22323259397197942,52.089126139079696,156.2673784172391,38.09138052442213,66.31678067351517,2.9141256217471208,2.985669659912713,5.198026358563013,-2.2123566986502996,1.6586184509941084,1745.7058497157116,7127.319150284288,159.32056655957618,651.6994334404238,1905.0264162752878,7779.018583724712,23337.055751174135,2223.6675493944404,9082.41745060556,6.929999410732947,20.78999823219884,2.451252862827813,15410.014806969446,12097.740509842939,3312.2742971265066,46230.044420908336,36293.22152952882,9936.82289137952,5237.117549147135,477.96169967872856,5715.079248825863,29052.135000000002
183,PM-Late,3,OP,NT,4,NB,4NB,3.3,70,8000.0,1,6,70,3600,1,6,2040,0.5,0,4.2,2.1,0.3103448275862069,0.3103448275862069,3.506,0.708,4555.3,350.7,4906.0,5607.4,1.2,0.7009249999999999,5607.4,0.0,1.0,0.0,4008.664,308.616,4317.28,1.1960494448560306,3.588148334568092,0.12500822131023304,0.12474625742785149,75.30840216088762,225.92520648266287,66.10329182281608,69.99823256265083,2.389555750772275,2.828642849271704,2.9953122535973122,-0.16666940432560828,0.1167185775181185,501.11595647036404,4054.1840435296363,38.498690982353814,312.20130901764617,539.6146474527178,4366.385352547282,13099.156057641847,616.6120294174254,4990.787970582574,3.946963168024901,11.840889504074703,1.3667132257392687,2433.7449690716653,1977.8862230980965,455.85874597356866,7301.2349072149955,5933.658669294289,1367.576237920706,1503.3478694110922,115.49607294706144,1618.8439423581538,14718.0
184,Night,8,OP,NT,4,SB,4SB,3.3,70,8000.0,1,6,70,3600,1,6,2040,0.5,0,4.2,2.1,0.3103448275862069,0.3103448275862069,3.506,0.708,2210.7,365.4,2576.1,3306.8999999999996,1.2,0.41336249999999997,3306.8999999999996,0.0,1.0,0.0,1945.416,321.55199999999996,2266.968,0.7001736604690256,2.100520981407077,0.11263791057661167,0.11258468413685492,78.64347577938493,235.93042733815474,69.81380397788689,69.99996015218608,1.485574973623553,2.8285730387493158,2.8361153341925807,-0.007542295443264901,0.005280733934806566,219.12759344230955,1991.5724065576903,36.20183035357397,329.198169646426,255.3294237958835,2320.7705762041164,18566.16460963293,327.7330845030315,2979.166915496968,2.3105730795477846,6.931719238643353,0.8987216201793333,757.2512423298637,506.3103183938921,250.94092393597157,6058.009938638909,4050.4825471511367,2007.5273914877725,1753.0207475384764,289.61464282859174,2042.635390367068,20608.8
185,AM-Early,1,OP,AM,4,SB,4SB,3.3,70,8800.0,1,6,70,3600,1,6,2040,0.5,0,4.2,2.1,0.2903225806451613,0.2903225806451613,3.35,0.715,6002.9,496.5,6499.4,7492.4,1.2,0.8514090909090909,7492.4,0.0,1.0,0.0,5282.552,436.92,5719.472,1.550596515248339,4.651789545745017,0.11567186751901673,0.11523946269633668,67.21525603388677,201.64576810166034,58.3269998060489,69.99370066104554,2.9204458713243215,2.8288259961970463,3.394654288038077,-0.5658282918410307,0.3962580016266542,611.0426551063168,5391.857344893683,50.35042604128343,446.1495739587166,661.3930811476002,5838.006918852399,5838.006918852399,762.0939332301671,6730.306066769833,5.116968500319518,15.350905500958556,1.7866836391880585,3899.6106506233714,3126.686018530627,772.9246320927447,3899.6106506233714,3126.686018530627,772.9246320927447,611.0426551063168,50.35042604128343,661.3930811476002,6499.4
186,AM-Peak,2,Peak,AM,4,SB,4SB,3.3,70,9600.0,1,6,70,3600,1,6,2040,0.5,0,4.2,2.1,0.2727272727272727,0.2727272727272727,3.35,0.715,7243.215,607.1100000000001,7850.325000000001,8632.9,1.2,0.8992604166666667,8632.9,0.0,1.0,0.0,6374.0292,534.2568000000001,6908.286000000001,2.0999985233120086,6.299995569936026,0.12625594397646434,0.1256513473074661,64.77662595610948,194.32987786832845,55.93619556273736,69.96665346135467,4.248479963920495,2.8299195431629895,3.5397473497804404,-0.7098278066174508,0.49782314484630813,804.7590735795478,6438.455926420453,67.13008672817547,539.9799132718247,871.8891603077233,6978.435839692277,13956.871679384554,1006.1493337640743,8058.395666235927,6.9299951269296285,20.789985380788885,2.4233723864512653,6972.609979948526,5576.976458258669,1395.6335216898578,13945.219959897053,11153.952916517337,2791.2670433797157,1609.5181471590956,134.26017345635094,1743.7783206154465,15700.650000000001
187,AM-Shoulder,1,OP,AM,4,SB,4SB,3.3,70,8800.0,1,6,70,3600,1,6,2040,0.5,0,4.2,2.1,0.2903225806451613,0.2903225806451613,3.35,0.715,6074.8,914.5,6989.3,8818.3,1.2,1.0020795454545455,8818.3,0.0,1.0,0.0,5345.8240000000005,804.76,6150.584,2.099998159542078,6.299994478626234,0.1305892954667237,0.1301993990407757,63.80178269156392,191.40534807469174,47.07117430154521,69.96538236864632,3.198593263738448,2.8299709555897463,4.206396014927978,-1.3764250593382314,0.9644772104495843,698.1073898491029,5376.692610150897,104.77926837205466,809.7207316279454,802.8866582211575,6186.413341778843,6186.413341778843,1012.4451949652669,7805.854805034733,6.929993926488857,20.78998177946657,2.648111068098769,7016.239052012126,4837.879971691272,2178.359080320854,7016.239052012126,4837.879971691272,2178.359080320854,698.1073898491029,104.77926837205466,802.8866582211575,6989.3
188,MD,5,OP,MD,4,SB,4SB,3.3,70,8000.0,1,6,70,3600,1,6,2040,0.5,0,4.2,2.1,0.3103448275862069,0.3103448275862069,3.353,0.708,8107.4,764.3,8871.699999999999,10400.3,1.2,1.3000375,10400.3,0.0,1.0,0.0,7134.512,672.584,7807.095999999999,2.099999084656777,6.299997253970331,0.2420051074533257,0.24161383517099314,46.981021110003745,140.94306333001126,32.58802694141734,66.40597105266822,2.155534397309441,2.9816595836383644,6.075851120288427,-3.094191536650063,2.2730957842018995,1726.5883431870416,6380.811656812958,162.50559971464725,601.7944002853527,1889.093942901689,6982.606057098311,34913.03028549156,2214.105142330983,8186.194857669016,6.929996979367364,20.789990938102093,2.4612956860615482,15343.741948355462,11965.2520028971,3378.4899454583624,76718.7097417773,59826.260014485495,16892.449727291812,8632.941715935209,812.5279985732362,9445.469714508445,44358.49999999999
189,PM-Shoulder,1,OP,PM,4,SB,4SB,3.3,70,6400.0,1,6,70,3600,1,6,2040,0.5,0,4.2,2.1,0.36,0.36,3.502,0.592,9280.5,578.8,9859.3,11016.9,1.2,1.721390625,11016.9,0.0,1.0,0.0,8166.84,509.34399999999994,8676.184,4.199999963754709,12.599999891264126,0.3018516433131848,0.29970337465446123,45.32201262003234,135.966037860097,17.56153562081534,54.407020856083776,2.048742048238077,3.639236203058152,11.274640457142855,-7.635404254084703,5.912248319999998,2465.1740746758505,6815.3259253241495,152.65211566000187,426.1478843399981,2617.8261903358525,7241.473809664148,7241.473809664148,2923.130421655856,8093.769578344143,13.85999988039054,41.57999964117161,4.68982536362729,40514.58729451611,34167.312380149146,6347.274914366965,40514.58729451611,34167.312380149146,6347.274914366965,2465.1740746758505,152.65211566000187,2617.8261903358525,9859.3
190,PM-Peak,3,Peak,PM,4,SB,4SB,3.3,70,8000.0,1,6,70,3600,1,6,2040,0.5,0,4.2,2.1,0.3103448275862069,0.3103448275862069,3.502,0.592,8787.24,571.2,9358.44,10000.8,1.2,1.2501,10000.8,0.0,1.0,0.0,7732.7712,502.65600000000006,8235.4272,2.099999998579031,6.2999999957370925,0.2382483100763281,0.2378748010526741,50.620733055086866,151.8621991652606,37.6563113241051,66.52524639803494,2.999494838608095,2.976313666173037,5.258082723393393,-2.281769057220356,1.7006579063753753,1842.3196706068998,6944.9203293931005,119.56919599793298,451.63080400206707,1961.8888666048329,7396.551133395167,22189.653400185503,2201.0272586006986,8299.812741399302,6.929999995310802,20.789999985932404,2.3559730210064336,15253.118891781789,12767.275308666814,2485.8435831149754,45759.35667534536,38301.82592600044,7457.530749344926,5526.9590118207,358.70758799379894,5885.666599814499,28075.32
191,PM-Late,3,OP,NT,4,SB,4SB,3.3,70,8000.0,1,6,70,3600,1,6,2040,0.5,0,4.2,2.1,0.3103448275862069,0.3103448275862069,3.506,0.708,6421.2,494.3,6915.5,7904.1,1.2,0.9880125000000001,7904.1,0.0,1.0,0.0,5650.656,434.98400000000004,6085.64,2.0999999897582065,6.299999969274619,0.14596510498501922,0.14541081714436743,70.41395263234295,211.24185789702886,49.71776602157019,69.96494796301168,3.059090521305592,2.8299885266073024,3.982479822486335,-1.1524912958790328,0.8077358757404346,824.7985962742288,5596.401403725771,63.251378884725526,431.0486211152745,888.0499751589543,6027.450024841046,18082.350074523136,1014.5527329284054,6889.547267071594,6.929999966202081,20.789999898606244,2.39914508006991,7030.850404904078,5715.854244303929,1314.9961606001489,21092.55121471223,17147.562732911785,3944.9884818004466,2474.3957888226864,189.7541366541766,2664.1499254768632,20746.5
304,Night,8,OP,NT,4,NB,4NB,3.3,70,8000.0,1,6,70,3600,1,6,2050,0.5,0,5.15,2.575,0.3103448275862069,0.3103448275862069,3.635,0.708,2681.3,486.6,3167.9,4141.1,1.2,0.5176375000000001,4141.1,0.0,1.0,0.0,2359.5440000000003,428.208,2787.752,0.926498018395075,2.779494055185225,0.12426575397952078,0.12419362994278554,85.84341979205486,257.53025937616457,69.33411694499664,69.99972302076056,1.7702720695363159,2.828582620838043,2.855736954969444,-0.02715433413140067,0.01901586847861048,293.21051420785443,2388.0894857921458,53.18070589054032,433.4192941094597,346.39122009839474,2821.5087799016055,22572.070239212844,452.7526318794754,3688.347368120525,3.0574434607037473,9.172330382111243,1.2109845513414983,1384.2655736563129,896.4745692743877,487.7910043819253,11074.124589250503,7171.796554195102,3902.3280350554023,2345.6841136628354,425.44564712432253,2771.129760787158,25343.2
305,AM-Early,1,OP,AM,4,NB,4NB,3.3,70,10800.0,1,6,70,3600,1,6,2050,0.5,0,5.15,2.575,0.25,0.25,3.479,0.715,11736.4,975.6,12712.0,14663.2,1.2,1.3577037037037039,14663.2,0.0,1.0,0.0,10328.032,858.528,11186.56,5.149999998032049,15.449999994096148,0.17535968399228183,0.17354398561372003,63.6223386642262,190.8670159926786,21.23487608562535,65.98150529051767,2.7528403653909126,3.000840904253437,9.324283278207275,-6.323442373953839,4.546998294745093,1811.1204277821744,9925.279572217825,148.99237088097584,826.6076291190242,1960.1127986631502,10751.88720133685,10751.88720133685,2258.097540425102,12405.102459574897,16.99499999350576,50.98499998051729,5.932925052413758,38376.36768485998,30779.991658396204,7596.376026463778,38376.36768485998,30779.991658396204,7596.376026463778,1811.1204277821744,148.99237088097584,1960.1127986631502,12712.0
306,AM-Peak,2,Peak,AM,4,NB,4NB,3.3,70,8800.0,1,6,70,3600,1,6,2050,0.5,0,5.15,2.575,0.2903225806451613,0.2903225806451613,3.479,0.715,11320.68,955.9200000000001,12276.6,13512.8,1.2,1.5355454545454545,13512.8,0.0,1.0,0.0,9962.198400000001,841.2096,10803.408000000001,5.149996961925506,15.449990885776518,0.24010626210293223,0.2389379824335801,53.91270518247138,161.7381155474141,17.879318753931372,52.570406007065614,2.9969701234283583,3.7663776074582387,11.074247443374373,-7.307869835916135,5.771973210362062,2391.986220151812,8928.693779848189,200.99692462775894,754.9230753722411,2592.983144779571,9683.616855220429,19367.233710440858,2994.976994035089,11193.463005964912,16.99498997435417,50.98496992306251,5.948408284631829,50899.603987047725,40651.78183027337,10247.822156774351,101799.20797409545,81303.56366054674,20495.644313548702,4783.972440303624,401.9938492555179,5185.966289559142,24553.2
307,AM-Shoulder,1,OP,AM,4,NB,4NB,3.3,70,9600.0,1,6,70,3600,1,6,2050,0.5,0,5.15,2.575,0.2727272727272727,0.2727272727272727,3.479,0.715,9491.0,1435.7,10926.7,13798.1,1.2,1.4373020833333334,13798.1,0.0,1.0,0.0,8352.08,1263.416,9615.496000000001,5.149999998550169,15.449999995650508,0.20747079658250211,0.20652651118697482,58.33597202063308,175.00791606189924,19.25644434760563,62.700322835980536,2.515829570166711,3.157878477244105,10.282272076081354,-7.124393598837249,5.217590453256948,1732.8126907207843,7758.187309279216,260.92889865780296,1174.7711013421972,1993.7415893785874,8932.958410621413,8932.958410621413,2515.599386694193,11282.500613305807,16.994999995215558,50.984999985646674,6.498002001285353,42752.61156483208,29449.15167050919,13303.459894322887,42752.61156483208,29449.15167050919,13303.459894322887,1732.8126907207843,260.92889865780296,1993.7415893785874,10926.7
308,MD,5,OP,MD,4,NB,4NB,3.3,70,8800.0,1,6,70,3600,1,6,2050,0.5,0,5.15,2.575,0.2903225806451613,0.2903225806451613,3.482,0.708,9721.2,938.7,10659.900000000001,12537.300000000001,1.2,1.424693181818182,12537.300000000001,0.0,1.0,0.0,8554.656,826.056,9380.712000000001,5.149999991379263,15.44999997413779,0.20564981571334257,0.20431469925737694,58.4625687076232,175.38770612286956,19.83526318359802,65.90556026965766,2.840161535658056,3.0042988662848447,9.982221973426004,-6.977923107141159,5.007555381398204,1759.2634298910405,7961.93657010896,168.77538320975177,769.9246167902483,1928.0388131007921,8731.861186899208,43659.30593449604,2265.589579520296,10271.710420479705,16.994999971551568,50.9849999146547,6.051634560319671,38503.69483949496,29898.681940949948,8605.012898545008,192518.47419747477,149493.40970474973,43025.06449272504,8796.317149455203,843.8769160487589,9640.194065503962,53299.50000000001
309,PM-Shoulder,1,OP,PM,4,NB,4NB,3.3,70,8800.0,1,6,70,3600,1,6,2050,0.5,0,5.15,2.575,0.2903225806451613,0.2903225806451613,3.632,0.592,10764.6,674.7,11439.300000000001,12788.7,1.2,1.4532613636363638,12788.7,0.0,1.0,0.0,9472.848,593.736,10066.584,5.149999992762263,15.449999978286789,0.221860442731107,0.22052045733226242,59.663376942288586,178.99013082686577,19.648793543130928,63.02506939905461,2.518037688465378,3.1416070127004105,10.076954575626823,-6.935347562926413,5.073868202938777,2101.6502512044813,8662.94974879552,130.93093425462814,543.7690657453719,2232.5811854591093,9206.71881454089,9206.71881454089,2494.443053968366,10294.256946031635,16.994999976115466,50.9849999283464,5.754049077163222,42393.05964261376,35717.545969023224,6675.513673590543,42393.05964261376,35717.545969023224,6675.513673590543,2101.6502512044813,130.93093425462814,2232.5811854591093,11439.300000000001
310,PM-Peak,3,Peak,PM,4,NB,4NB,3.3,70,8800.0,1,6,70,3600,1,6,2050,0.5,0,5.15,2.575,0.2903225806451613,0.2903225806451613,3.632,0.592,10246.845,941.22,11188.064999999999,12448.099999999999,1.2,1.414556818181818,12448.099999999999,0.0,1.0,0.0,9017.2236,828.2736,9845.4972,5.149999992537624,15.449999977612872,0.21009633098694785,0.2089872426537579,61.09037377627417,183.27112132882252,21.888556222321863,64.16955520529287,3.875591178393928,3.0855753848776635,9.045822757285398,-5.960247372407735,4.352075930099779,1894.4855940489174,8352.359405951081,173.0986158269016,768.1213841730985,2067.584209875819,9120.48079012418,27361.44237037254,2413.7814415296225,10656.723558470378,16.994999975374157,50.98499992612248,6.012318311625927,41022.215539354525,32196.782624208045,8825.43291514648,123066.64661806358,96590.34787262413,26476.298745439442,5683.456782146752,519.2958474807049,6202.752629627456,33564.19499999999
311,PM-Late,3,OP,NT,4,NB,4NB,3.3,70,8000.0,1,6,70,3600,1,6,2050,0.5,0,5.15,2.575,0.3103448275862069,0.3103448275862069,3.635,0.708,5260.6,407.0,5667.6,6481.6,1.2,0.8102,6481.6,0.0,1.0,0.0,4629.328,358.16,4987.488,1.785232039785681,5.3556961193570425,0.12270175637601718,0.12225288291477086,86.43937617965055,259.31812853895167,61.26543931026932,69.9962367991559,2.790497331000633,2.8287235007809413,3.2318384105149347,-0.40311490973399344,0.2822868873604543,568.0266764406749,4692.573323559325,43.78609254475433,363.21390745524565,611.8127689854292,5055.787231014571,15167.361693043713,699.3849540749379,5782.215045925062,5.891265731292747,17.67379719387824,2.0407622910994716,4120.262612923433,3346.3960933750614,773.866519548372,12360.787838770299,10039.188280125185,2321.5995586451163,1704.0800293220248,131.358277634263,1835.4383069562878,17002.800000000003
312,Night,8,OP,NT,4,SB,4SB,3.3,70,8000.0,1,6,70,3600,1,6,2050,0.5,0,5.15,2.575,0.3103448275862069,0.3103448275862069,3.635,0.708,2552.9,424.1,2977.0,3825.2000000000003,1.2,0.47815,3825.2000000000003,0.0,1.0,0.0,2246.552,373.208,2619.76,0.9002094028051443,2.700628208415433,0.11677410981001438,0.11669739120590887,88.1438491947626,264.4315475842878,69.56619291741718,69.99988152870512,1.688859847669168,2.8285762157869567,2.846210087061226,-0.017633871274269186,0.012347060942858281,262.33910994190745,2290.560890058093,43.552399977174844,380.5476000228252,305.8915099190823,2671.108490080918,21368.867920647343,392.996309873432,3432.2036901265683,2.970691029256976,8.912073087770928,1.156550482585715,1167.470612272099,779.328440527684,388.14217174441507,9339.764898176792,6234.627524221472,3105.1373739553205,2098.7128795352596,348.41919981739875,2447.1320793526584,23816.0
313,AM-Early,1,OP,AM,4,SB,4SB,3.3,70,8800.0,1,6,70,3600,1,6,2050,0.5,0,5.15,2.575,0.2903225806451613,0.2903225806451613,3.479,0.715,6932.4,576.2,7508.599999999999,8661.0,1.2,0.9842045454545455,8661.0,0.0,1.0,0.0,6100.512,507.05600000000004,6607.567999999999,2.5749889319405073,7.724966795821522,0.11601287300089692,0.11520287953544667,76.51604595688407,229.54813787065225,47.4004258256738,69.9847631138092,3.3717728939758436,2.8291872572035786,4.177177663512802,-1.3479904063092238,0.9440243644589619,707.7379238964477,6224.662076103552,58.41431128572545,517.7856887142746,766.1522351821732,6742.447764817826,6742.447764817826,882.980857753624,7778.019142246376,8.497463475403674,25.49239042621102,2.9676425016110444,7503.097588242027,6013.977158468089,1489.1204297739378,7503.097588242027,6013.977158468089,1489.1204297739378,707.7379238964477,58.41431128572545,766.1522351821732,7508.599999999999
314,AM-Peak,2,Peak,AM,4,SB,4SB,3.3,70,9600.0,1,6,70,3600,1,6,2050,0.5,0,5.15,2.575,0.2727272727272727,0.2727272727272727,3.479,0.715,8364.72,704.5500000000001,9069.269999999999,9979.4,1.2,1.0395208333333332,9979.4,0.0,1.0,0.0,7360.9536,620.004,7980.957599999999,2.574999996173895,7.7249999885216845,0.1552971467898933,0.1545926263489018,67.14292682134418,201.4287804640325,46.70929250632848,69.72531867075952,4.067917003795696,2.8397145222806217,4.238985207775812,-1.3992706854951904,0.9872896454430682,1143.1350917327934,7221.584908267206,95.84804670682452,608.7019532931755,1238.983138439618,7830.286861560381,15660.573723120762,1430.679231853267,9047.690768146733,8.497499987373853,25.492499962121556,2.973405288782123,12157.19675460917,9713.79042756602,2443.4063270431493,24314.39350921834,19427.58085513204,4886.812654086299,2286.270183465587,191.69609341364904,2477.966276879236,18138.539999999997
315,AM-Shoulder,1,OP,AM,4,SB,4SB,3.3,70,8800.0,1,6,70,3600,1,6,2050,0.5,0,5.15,2.575,0.2903225806451613,0.2903225806451613,3.479,0.715,7015.4,1061.3,8076.7,10199.3,1.2,1.1590113636363635,10199.3,0.0,1.0,0.0,6173.552,933.944,7107.496,2.574999996990871,7.724999990972613,0.17959997316321696,0.17917800377459103,62.59515685443417,187.78547056330254,37.54983134190677,69.44274262608766,2.790600694400111,2.8512698737451223,5.272993058134616,-2.4217231843894935,1.7110951406942307,1108.7697735217243,5906.630226478275,167.34222155725664,893.9577784427433,1276.111995078981,6800.588004921019,6800.588004921019,1610.7964381934944,8588.503561806505,8.497499990069873,25.49249997020962,3.250342320655357,13687.742717553803,9421.771139490627,4265.971578063177,13687.742717553803,9421.771139490627,4265.971578063177,1108.7697735217243,167.34222155725664,1276.111995078981,8076.7
316,MD,5,OP,MD,4,SB,4SB,3.3,70,8000.0,1,6,70,3600,1,6,2050,0.5,0,5.15,2.575,0.3103448275862069,0.3103448275862069,3.482,0.708,9362.7,887.0,10249.7,12023.7,1.2,1.5029625000000002,12023.7,0.0,1.0,0.0,8239.176000000001,780.5600000000001,9019.736,5.149999966208932,15.449999898626796,0.23662098168830603,0.23545767700194747,54.24576686209409,162.73730058628226,18.206764299932953,62.926619872834394,2.617000837100109,3.1465220982809723,10.875078994718965,-7.728556896437993,5.632555296303275,1949.5619134227309,7413.13808657727,183.78884436064013,703.2111556393598,2133.350757783371,8116.34924221663,40581.74621108315,2500.928446504651,9522.77155349535,16.994999888489474,50.98499966546842,6.037348226961267,42503.2786694667,33132.804501222636,9370.474168244065,212516.3933473335,165664.02250611316,46852.37084122033,9747.809567113654,918.9442218032007,10666.753788916854,51248.5
317,PM-Shoulder,1,OP,PM,4,SB,4SB,3.3,70,6400.0,1,6,70,3600,1,6,2050,0.5,0,5.15,2.575,0.36,0.36,3.632,0.592,10717.5,671.8,11389.3,12732.9,1.2,1.989515625,12732.9,0.0,1.0,0.0,9431.4,591.184,10022.583999999999,5.149999720962602,15.449999162887806,0.2611685785822891,0.258242291406226,55.55181581661896,166.6554474498569,17.56153562081534,54.455218043521334,2.0515858521413253,3.636015190348807,11.274640457142855,-7.6386252667940475,5.912248319999998,2463.1853320410014,8254.314667958999,152.6687108026983,519.1312891973016,2615.8540428436995,8773.4459571563,8773.4459571563,2921.191464449096,9811.708535550904,16.994999079176583,50.98499723752976,5.751137097250531,49645.64624841089,41861.832449878086,7783.813798532804,49645.64624841089,41861.832449878086,7783.813798532804,2463.1853320410014,152.6687108026983,2615.8540428436995,11389.3
318,PM-Peak,3,Peak,PM,4,SB,4SB,3.3,70,8000.0,1,6,70,3600,1,6,2050,0.5,0,5.15,2.575,0.3103448275862069,0.3103448275862069,3.632,0.592,10147.83,662.865,10810.695,11558.5,1.2,1.4448125,11558.5,0.0,1.0,0.0,8930.0904,583.3212,9513.4116,5.149999942046613,15.449999826139841,0.22424069662594615,0.2230380171779666,59.36292141713994,178.08876425141983,21.460534773123047,64.4435102333693,3.9686344262259743,3.0724583326231385,9.226237933640553,-6.153779601017414,4.478366553548387,2002.489692228674,8145.3403077713265,130.1028038258721,532.7621961741279,2132.592496054546,8678.102503945454,26034.307511836363,2392.79810370629,9743.62689629371,16.994999808753825,50.984999426261474,5.778370747442344,40665.60331487491,34032.311936457816,6633.291378417098,121996.80994462474,102096.93580937345,19899.874135251295,6007.469076686022,390.30841147761623,6397.777488163639,32432.085
319,PM-Late,3,OP,NT,4,SB,4SB,3.3,70,8000.0,1,6,70,3600,1,6,2050,0.5,0,5.15,2.575,0.3103448275862069,0.3103448275862069,3.635,0.708,7415.4,573.7,7989.099999999999,9136.5,1.2,1.1420625,9136.5,0.0,1.0,0.0,6525.552,504.85600000000005,7030.407999999999,2.5749999970816204,7.724999991244861,0.1935769708712434,0.19296693084391775,70.057981329802,210.173943989406,40.59952281101376,69.54750219163047,2.7221490479202317,2.8469749992520628,4.876904610964711,-2.0299296117126486,1.4338332276752979,1263.196589422784,6152.203410577215,97.42051283813694,476.27948716186313,1360.617102260921,6628.482897739079,19885.448693217237,1555.4581279371948,7581.041872062805,8.497499990369347,25.49249997110804,2.9437412393562394,13217.505427166236,10734.0130064547,2483.4924207115364,39652.516281498705,32202.0390193641,7450.477262134609,3789.5897682683517,292.26153851441086,4081.8513067827625,23967.3
