,,,GPVeh,GPVeh,GPVeh,GPVeh,GPVeh,GPVeh,GPVeh,GPVeh,MLVeh,MLVeh,MLVeh,MLVeh,MLVeh,MLVeh,MLVeh,MLVeh,RevenuePerHour,RevenuePerHour,RevenuePerHour,RevenuePerHour,RevenuePerHour,RevenuePerHour,RevenuePerHour,RevenuePerHour,TollLights,TollLights,TollLights,TollLights,TollLights,TollLights,TollLights,TollLights,CaptureRateLights,CaptureRateLights,CaptureRateLights,CaptureRateLights,CaptureRateLights,CaptureRateLights,CaptureRateLights,CaptureRateLights
Period,,,Night,AM-Early,AM-Peak,AM-Shoulder,MD,PM-Shoulder,PM-Peak,PM-Late,Night,AM-Early,AM-Peak,AM-Shoulder,MD,PM-Shoulder,PM-Peak,PM-Late,Night,AM-Early,AM-Peak,AM-Shoulder,MD,PM-Shoulder,PM-Peak,PM-Late,Night,AM-Early,AM-Peak,AM-Shoulder,MD,PM-Shoulder,PM-Peak,PM-Late,Night,AM-Early,AM-Peak,AM-Shoulder,MD,PM-Shoulder,PM-Peak,PM-Late
Year,Direction,Segment,,,,,,,,,,,,,,,,,,,,,,,,,,,,,,,,,,,,,,,,
2032,NB,1,1571.4664480186032,5582.399233885738,7417.130859557559,4923.504836805039,4613.501800529995,4647.843575777316,4544.361599497462,3975.0846772565164,43.73355198139688,720.2007661142618,907.1641404424397,715.9951631949615,676.4981994700045,684.2564242226837,752.2584005025392,656.8153227434836,22.342458436126826,819.2201062263889,1336.2632768570284,1103.8624706661967,1094.1233865083166,1053.334720076626,1129.6092570926216,588.9085390620362,0.5000003390796254,1.4003539400010898,1.7999906272814798,1.7999998976301381,1.7999993065270534,1.799997758297949,1.7999972626827359,1.0716398180889906,0.03472141663732371,0.1434070567615743,0.13651095737006785,0.15895304455953485,0.16031146725850307,0.16071613608921984,0.17788859107882898,0.178350590900422
2032,NB,10,1195.1535777367692,5050.048088377695,7365.44638017815,5432.678469458661,4607.7625650133405,5221.1870173083225,5626.211410882189,2970.2728988162867,0.24642226323063524,596.1519116223042,719.4486198218516,556.7215305413399,534.7374349866597,579.3129826916772,704.4485891178118,435.5271011837136,2.874993887376294,3981.216809351293,6853.534149540106,2309.5486009649667,3075.579753216487,1916.7851753851346,6927.1242014068575,1205.0358205065736,1.7991717665854254,1.263030422815946,1.7855810311219389,0.7140801364401633,0.9564815477513753,0.588694083209416,1.7999993669479162,0.5000100845272123,0.00027893084940310394,0.13277705285476155,0.11156423667339908,0.11667935974078228,0.13058561104297461,0.12510167555469068,0.13955533651044294,0.1606775010675752
2032,NB,2,1284.8956900051055,4642.775153565022,6770.444685372865,5360.701457484632,5354.678847252166,5453.271905274841,5435.970461342498,4139.305482243522,35.804309994894425,654.224846434979,1522.0353146271354,1093.2985425153693,1209.2211527478337,1381.8280947251594,1256.2045386575005,719.1945177564783,15.844500799519707,666.7744090206581,4187.006400967362,1556.066023159296,1749.9778812140776,1962.9175040140335,1744.8135444199997,349.5035306914031,0.500002378353062,1.324011654019459,3.5999984886367775,1.7999998912561328,1.79999959238819,1.7999996678622818,1.7999995783775702,0.6355689705900803,0.03428625035057715,0.15480173060258584,0.22962632093211846,0.21187920859691767,0.2305978807984674,0.2531871283603977,0.23483264270869336,0.18542582823317277
2032,NB,3,1061.0050697375996,3596.045949006185,3970.75758255838,3359.663647707835,3908.495368293689,4046.8990054916953,3796.8952234417984,2792.011216742371,28.894930262400624,589.0540509938152,580.1524174416194,547.536352292165,569.6046317063112,661.100994508305,616.1497765582016,484.9887832576287,10.652095244319163,279.2669494908252,479.82910222971964,281.75539407470404,428.27812360075785,430.4402470937419,478.4015114995718,144.10856851105558,0.5000926772856269,0.8165033179796948,1.4281099338442227,0.8216889307575959,1.190613457074185,1.0931592725640722,1.318745165893507,0.5000046422849288,0.034252475451048384,0.17679326667645026,0.15977482295797504,0.17551312161423427,0.1594966468801737,0.17576416852098262,0.17479030196735978,0.18628868270213306
2032,NB,4,1350.190752517708,6244.129051458538,8207.34581163693,6067.4671200239345,5771.1445586889895,5983.950593237714,6151.415408047922,3221.746649531354,0.1092474822920696,718.7709485414618,855.51918836307,979.8328799760661,854.7554413110106,976.5494067622855,932.5145919520793,524.9533504686455,0.4239470634093272,2352.434165766043,5032.184427271183,3409.19811224294,3126.312328203676,6693.302997132998,6197.1995726967725,588.449098633505,1.796497605754901,1.7999975237143409,3.292848737872114,1.7999999871049608,1.7999849824358611,3.5999999993869105,3.599997091714553,0.5853211827454026,0.00011400249286314585,0.1295709681683267,0.11831504432217857,0.17406819440117588,0.16176989651665122,0.17566549230336392,0.16482811432143848,0.17668450485797593
2032,NB,5,1335.9511573159066,6728.341713732624,8111.025028730713,6551.782955045299,6246.707698439702,6150.380456385236,6364.142194841089,3423.734773980036,70.2488426840933,686.7582862673755,881.0699712692895,788.1170449547003,665.8923015602984,1220.3195436147641,1159.1078051589118,510.3652260199639,102.78614626261499,1310.8931667423276,3570.039928433208,3474.509313158143,2467.901834453069,10517.869807631163,9712.776819253726,733.9144747845542,0.500000167264212,0.8484878207638488,1.7999991611813058,1.7999998371184107,1.4506293017405552,3.5999999695354883,3.5999887373407957,0.6025619437576623,0.06477417693106277,0.11620612211102058,0.12278819645387987,0.13463673460534914,0.12091880388785546,0.20734474353338192,0.19295984710003994,0.1636508678864098
2032,NB,6,1364.5556691034944,6425.599359989543,7843.60699962136,6409.092948620516,6075.926742652728,6028.502473933094,6266.814177451336,3387.3712571927285,71.94433089650556,1067.0006400104567,914.4430003786406,681.4070513794843,652.1732573472724,1002.7975260669061,1090.2208225486647,505.62874280727107,186.5011784091082,7763.556941341208,13301.962211446795,10127.415802227657,9738.687333917294,15601.745285496427,16574.842579361455,1266.6170800138018,0.5000000926187733,1.799999994880353,3.5999994782574123,3.3858544770184174,3.2582381280228008,3.5999992544887385,3.5999999842558394,0.5844232632271255,0.06448903899610642,0.1786613296670864,0.13084484221567402,0.12058367313403644,0.12173760508839739,0.17867153916374523,0.18563810294809913,0.16349867294184509
2032,NB,7,1323.4555686537292,6293.045980707308,6109.990147718058,5384.757460105951,5524.5896213531905,5987.401455801659,6268.293686676862,3336.3218699178096,67.34443134627085,701.6540192926899,958.8198522819423,629.7425398940483,640.410378646811,714.9985441983412,1080.1313133231388,499.9781300821901,141.9356804616004,4178.374973580103,5818.431440149045,4146.331445407754,4324.118424363176,7291.410038675149,13209.444970646613,995.054474550026,0.5000005860414879,1.7999915739505794,1.7999990424829857,1.7999978567404955,1.7999485237632313,2.899194446086345,3.5999991892238343,0.5740692460566649,0.06289053900336394,0.12587454214767202,0.1698988336867255,0.1314178331248892,0.13045192095568883,0.13363696938769448,0.1841238097702244,0.16430038665113839
2032,NB,8,1302.4720528858707,6145.852344731081,5941.763814849878,4760.402987763727,4959.544203864521,5168.69179702764,6037.520291171054,3125.8547589218956,62.82794711412956,717.5476552689194,911.5861851501232,554.0970122362722,568.2557961354796,755.1082029723585,881.0347088289459,473.44524107810406,173.81188663243984,5535.635917998583,7298.757999479165,4404.586430495365,4695.426207529936,6354.939911096256,14271.289396820233,1110.2448431268624,0.5000000913776274,1.7999927326989384,1.7999790551967696,1.6616607766849514,1.6692683102934238,1.7999537934970475,3.599963712593867,0.5134283972358461,0.059137191357760875,0.13117697737023506,0.16662992262334672,0.13080796287081484,0.12907893872693574,0.1597182881486727,0.1597209112476693,0.16551550821575603
2032,NB,9,766.7160089448282,5455.39486082355,5884.787812209303,4697.503621156983,4286.62269334362,4619.316703537832,5035.5291278628765,2896.4481732835447,414.68399105517176,631.3051391764501,837.1021877906978,553.5963788430165,516.6773066563798,599.7832964621682,953.6708721371257,396.7518267164553,3692.683348536484,3856.0376144709053,5938.5524481051925,3371.4985300130456,2943.9549189545355,3949.7315605159547,7062.374575337921,826.338835349414,1.7999512139288216,1.5847818975829926,1.7999936072855358,1.4288203835937132,1.2708445349416895,1.5499501110585683,1.799999860710205,0.5000009498329154,0.44999999085841264,0.1302598307004655,0.15618856760342598,0.13238021844567469,0.13508233876254544,0.14402671955159818,0.19967558294012333,0.1512818678003727
2032,SB,1,1745.1540842053078,3118.784622655786,4340.286615375536,4287.186430185241,4782.511496436495,4825.128510740662,4459.685904305042,4816.320863188754,276.24591579469234,514.0153773442141,694.4633846244651,567.0135698147581,1126.2885035635054,860.1714892593363,691.6140956949598,744.1791368112462,132.90971798219107,386.1821693968905,1096.2563974034642,865.3755386009489,1833.683372752145,1312.7717964709432,1038.9124019451538,587.0016872930385,0.5000150211434281,0.80917325443793,1.7999900887900109,1.6962077407885914,1.7999999267612712,1.7998536695601186,1.7997321680319291,0.9575938545674991,0.17401217832800012,0.17881405132656927,0.17314183818142484,0.14657942220443,0.23897307428587694,0.1893755272117008,0.1679588072508216,0.16815402675637806
2032,SB,10,703.2400076659659,2073.9478703462573,4262.2363654981245,4685.83988085538,4763.478997668988,6729.265429534544,8019.082706314333,3574.52651789104,380.15999233403403,191.25212965374257,535.1086345018756,524.9601191446195,522.0210023310121,760.4345704654555,1103.0022936856678,520.3734821089597,4790.887846327376,617.906493939609,5283.474268169631,2365.735114608746,2230.761428689745,4955.697553099667,9018.799587197414,2017.40589003907,1.799962408038727,0.5000000137187409,1.7256736532388461,0.7595537441961676,0.7125355649039067,1.1955012184940494,1.5705490834375828,0.6999036137277246,0.44999999093017884,0.1063645986511652,0.13975528659043418,0.12650453614777027,0.12394950588534559,0.12721182420637456,0.1513809494493241,0.15988168189857513
2032,SB,2,1395.2665019276787,2991.5215099422567,4577.398278464633,4872.955190237576,6625.746758023186,6556.428380868693,6990.249281722692,4689.121205490844,39.23349807232098,512.878490057743,607.1867215353668,682.2448097624238,797.4532419768138,1842.371619131306,1965.4107182773082,767.578794509156,17.096239585130995,210.56029071535275,631.8181572893952,551.2552642867751,979.5530493102777,5144.766698771994,5364.071942781562,451.0809410885287,0.500011093615581,0.5000009765968163,1.2830447586957237,0.9872335973296693,1.498864950275713,3.5999989119483784,3.599999961732763,0.7704477432102155,0.034557525869569394,0.1838132463275148,0.1465878339004518,0.15383821832599318,0.13457062677849066,0.2744623539740963,0.2744161063392731,0.17624931170208422
2032,SB,3,1414.106677191788,3757.897244164837,5162.6145865121825,4914.847565016678,5680.795030974718,5078.834268397739,4388.056138964683,4372.731598632355,241.49332280821173,568.7027558351625,1212.8804134878187,1135.4524349833218,1056.6049690252808,1028.3657316022613,673.3638610353173,691.3684013676459,81.67253482600685,369.7530109560668,1297.7661789424646,1281.7660560415202,2351.757509870081,1085.6609048173586,654.0085899250976,494.1854979789939,0.5000008306907993,1.047748746907482,1.7999999798309625,1.7999994641171813,3.599996280320469,1.7999990758016362,1.6731627988898692,1.244879925164004,0.18573060094347263,0.16551670831480778,0.2384033305440356,0.2350818296171722,0.19645253875528393,0.21070414063377085,0.16647849873005746,0.1715548942490616
2032,SB,4,1495.950516834525,2825.222986222632,4404.850701578665,4607.612815799789,5548.021128955141,5099.062119433991,4220.198839462719,4445.144829562465,132.14948316547526,421.17701377736813,598.6092984213345,625.1871842002106,634.0788710448592,861.7378805660098,612.8461605372819,625.6551704375346,144.90898951710304,524.2118442248837,2151.9545870846964,2325.358254449325,1443.6750402079356,2966.93765055215,1664.6090572780893,768.1686694406154,0.5000001932982913,0.5818384418480081,1.7999309371655234,1.7999987278299703,1.1106184516294009,1.7999995266570668,1.441477554436226,0.6628805813337755,0.10411619082527565,0.1640818163116149,0.15020512198091504,0.14990918551653554,0.1286195849871572,0.1810326116878731,0.15877458411908224,0.1551589089915643
2032,SB,5,1508.8906917023949,2865.530478272523,4584.274871903169,5022.098747665121,5766.589589009666,6292.593720826474,5734.117108017119,4818.03595278575,89.3093082976051,394.9695217274771,650.7101280968315,739.4012523348794,680.6104109903326,1035.0062791735268,974.542891982881,640.3640472142496,122.132209479825,581.419237364915,2905.7945815117387,3486.334478851192,3151.618768771569,4416.442060816542,4074.3457334100794,1498.9097155959762,0.5000007987140285,0.5506350973295953,1.7999998159892403,1.799999568213298,1.7999916800152913,1.7999934108346396,1.7999985735313773,1.014127662175066,0.07184612794197781,0.15310501846669788,0.15648578003147934,0.16141654447259168,0.13247545890782475,0.17693997246572152,0.18209211499258324,0.14742066103022117
2032,SB,6,1485.5987208773347,2886.9232679640413,4621.8962290325035,4677.136034412514,5598.733283412955,7113.700484319867,6933.13234016265,5039.291201343379,84.20127912266523,398.17673203595893,684.0687709674963,740.1639655874869,779.1667165870452,817.7995156801329,983.2376598373497,659.00879865662,206.7918199562327,1016.8446560045611,5530.858685307845,6343.304980846638,13055.157647315473,5658.890883365751,14618.481267256773,3399.426322041065,0.5000022511631516,0.5398097143373896,1.799998197090887,1.799999992059168,3.599999950188922,1.6471397237964684,3.599993159207272,1.2468381065994518,0.06883797694354973,0.15284097750794282,0.162074083988216,0.17193444968303714,0.15335988082754243,0.12917128954712392,0.15566609266551681,0.14518095351043528
2032,SB,7,1367.010545954159,3142.4453909726203,5056.293892587694,4641.190982488644,5190.232784336267,6958.434424881644,7513.527833198818,4655.145968640521,68.48945404584094,427.5546090273797,925.7661074123063,664.1090175113565,912.5672156637324,956.865575118355,864.1071668011818,624.1540313594802,140.33493742128638,966.1134604869496,5842.977649256735,4554.803553979923,6161.209508308633,5853.052335955572,8002.347909253137,2634.3112437923746,0.5000001173482895,0.6061885451913438,1.7999960503053942,1.7999999839143588,1.7999992460152832,1.799999640696944,2.8055177057732004,1.2521458759192068,0.061015488519005213,0.15108125518273827,0.19454263645490028,0.15754926077881257,0.18764492337752042,0.1514323352533508,0.12926935994997166,0.14860605096353996
2032,SB,8,1290.2143978709605,4436.226295628871,5242.436392425921,4586.569123267356,4877.403284005795,5786.998370626145,6377.630265616188,3631.09721151153,29.085602129039582,549.3737043711297,1011.5736075740787,535.4308767326439,562.3967159942044,818.201629373856,1028.334734383813,531.5027884884701,105.14170512429752,2796.6260629468816,8218.207904461276,4543.861293862842,4279.292548429048,6720.552747741807,8189.285059643131,1599.6032346068234,0.6572178142279369,1.1402603793993598,1.7999995034265257,1.7399492571415178,1.533049385316202,1.799997754383428,1.7999999944067657,0.6669772417495493,0.028282397225299242,0.13849067521013744,0.20281907863757526,0.1312970349205412,0.1297595238093363,0.1551503700376602,0.17397271034263265,0.16043071978935697
2032,SB,9,673.7880078554808,2192.656791633948,4063.935877201275,3967.0176474992477,4258.789094462017,5942.920126337583,6824.799225072197,3251.8558907195006,362.4119921445192,210.74320836605145,520.6791227987246,484.1823525007519,514.8109055379824,708.7798736624179,816.9957749278024,489.3441092804992,3334.8838682702176,495.84241097980714,3310.7667477946943,2791.922674974273,2828.563324986668,10070.318797010172,9003.710639466368,1096.8368918498754,1.7999460828020717,0.5000119898609829,1.4969871370509298,1.2522763083893782,1.2241205089172849,3.5451048253168445,2.8517312961582064,0.5496054065487489,0.4499999906991764,0.11052125392198096,0.14232020091405814,0.13675995263914403,0.13543252586328247,0.13357421684473705,0.1338813838202184,0.16475201609573212
2040,NB,1,1628.6297857491577,6306.034641552262,8607.874764321667,5321.948029656319,4983.363466686429,5005.8248687613295,5007.151222534258,4643.636502252884,226.27021425084192,932.0653584477377,951.6402356783321,1154.5519703436803,1091.7365333135708,1117.5751312386703,1075.3937774657425,675.7634977471167,138.71239891367753,1589.8803469797592,1479.4807645430099,2076.660721469059,2060.0024444975234,2007.1493877617424,1883.895371373695,1079.1922915582713,0.6000113532327778,2.0999933306553884,1.8999918585167899,2.0999897165836896,2.099999917133289,2.099999981471446,2.0999867507764916,1.9088335590431884,0.15642919517225948,0.16160981813049766,0.12470596199506585,0.2231860292767988,0.2252740220701545,0.2285660302910453,0.22143920373154174,0.15978372218105047
2040,NB,10,1382.378264751445,5767.606494937807,8623.70550919741,6157.740580727473,5358.5992486581235,6048.246628737444,6552.32987451066,3437.3022311897375,1.6217352485552419,769.193505062194,736.5194908025891,776.6594192725269,595.0007513418758,667.2533712625559,777.0901254893394,505.8977688102626,20.8139359593725,8538.762016722443,7403.22519586001,4123.00325182115,6188.927273730508,3330.760404121571,13257.640499471572,1981.9007567837725,1.8991989513716505,2.0999999386865174,1.88558103674979,0.9138469361702646,1.7305101172238824,0.8882858032472332,3.1250169163464143,0.7079776893799281,0.0015238062493546985,0.14799967413085388,0.098701634354003,0.1406049534076975,0.12554713942004175,0.1244742671990002,0.13303084082351935,0.1612105041502001
2040,NB,2,1547.5079010057063,5410.114906253594,7401.402311640016,6382.433813125742,6354.493632096906,6460.100191755764,6618.768306678386,5025.358705113651,33.49209899429409,930.6850937464055,2525.1926883599854,1343.5661868742582,1503.1063679030942,1721.9998082442357,1392.101693321615,790.5412948863492,17.784889464051027,1504.4403869798207,8104.403351883098,4461.625735535298,5075.335807383888,5707.39783306361,4511.298047199887,592.9507663606757,0.6000144644109663,2.099999802111983,4.1999999756456505,4.199990785979723,4.199999716669997,4.199971977887683,4.199953178220842,0.9809736197163389,0.026794037089355387,0.18396516198584065,0.3182522601720532,0.21752269950590136,0.23945922682209236,0.26357948614110044,0.2174060301737705,0.17026920758367106
2040,NB,3,1260.9462629619425,4326.962331004772,4686.80886639113,4042.490882182379,4608.374976219242,4846.712954574943,4534.153894457383,3276.3267303100556,26.65373703805743,617.5376689952278,689.7161336088699,573.6091178176205,682.225023780757,715.4870454250561,679.411105542617,595.373269689944,11.789689786278377,506.7186073419656,838.8017078847937,512.0865606010138,904.7298886288993,894.7773412185556,823.8633086142529,212.5225155585433,0.6000962858949537,1.4131842490682938,2.0999058423229022,1.4255324828854166,2.099983234276321,2.099723987981631,2.0596860417535585,0.6006572088934534,0.026744364680791107,0.15687970136128043,0.1607807130281447,0.15563713236794482,0.16169721519834548,0.16101575357516587,0.1631471902082487,0.19356576987251792
2040,NB,4,1584.826056496275,6984.362873914559,9965.812640813883,6602.727694550151,6265.378607642677,6380.9534243984035,6694.077962219814,3823.1240577058034,2.373943503724804,1199.9371260854412,686.8573591861174,1680.672305449849,1522.821392357323,1800.346575601597,1632.632037780187,580.7759422941967,10.57654168205182,5459.312857339026,4158.3914741159715,6935.1494693601235,6380.514915586125,14397.706861725634,12660.051014432654,1028.8466149346164,1.8965943886837613,2.502435195820218,3.392848745169635,2.1349958642673914,2.0621687150756083,4.199997884455699,4.199999995702073,0.9250308489065191,0.0019565995617430052,0.18403552146388893,0.08086364989283533,0.2540331480376628,0.24520730298739313,0.27550346527203406,0.2454876544744422,0.16630421457274264
2040,NB,5,1522.2017198746007,7622.544966365277,9542.032778407958,7525.4666732228225,7170.340436549454,6487.927695926309,6823.4251795291075,3949.9763372646835,90.69828012539925,883.0550336347235,772.5372215920438,894.0333267771786,759.0595634505454,1966.9723040736906,1806.419820470894,562.7236627353165,159.23918186481413,1884.0648683144348,3302.7843623283343,4158.758779061537,3006.1595167175647,19780.730689345164,17661.409499641664,1246.738267250075,0.6000009105134679,0.9484895736877151,1.8999994831904412,1.8999998425396243,1.5506293080019842,4.199992855801025,4.199991327497832,0.9284371199101956,0.07291181455007101,0.1302701193358362,0.09388226533231199,0.13318471705444127,0.12019028447850719,0.29133343972876397,0.26214364197828127,0.15731032602852663
2040,NB,6,1557.900084255171,7071.6754879180935,9188.15753823384,7126.220668942749,6680.804757499733,6376.042293479454,6730.649358537578,3915.70785294847,93.49991574482932,1540.824512081907,878.9274617661606,1024.2793310572506,1052.8952425002674,1706.3577065205454,1726.155641462422,559.2921470515296,290.87305213128343,16295.1701609452,13118.121431588934,15657.635856154837,16192.824876503695,30979.753747172872,30621.94424166412,2147.633710610082,0.6000021453482098,2.6171934469594396,3.6999994935847704,3.485854486601327,3.35823813744664,4.1999989766448556,4.199999958516424,0.895880099527798,0.07290672426010478,0.2244981920570934,0.10952046141284183,0.1577933074207714,0.17107602351492274,0.2644489997889151,0.2556712697331394,0.1573388439797636
2040,NB,7,1524.4037525137899,6961.5928323140215,7246.227220233865,6302.339701191172,6140.686630057993,6570.594018919689,6762.776500781898,3896.4253077155117,90.19624748621041,1158.7071676859791,960.1527797661346,680.060298808828,1016.4133699420072,1210.405981080311,1768.053499218102,557.2746922844887,228.10975046196535,9283.2367012134,12698.117578249214,10044.993091828916,9730.523209197812,17519.53866130108,25229.69315825623,1735.1960156422444,0.6000010218616717,2.4219687410462134,3.9263461752627897,4.041762793571655,2.5525695427126034,4.115833311415062,4.199999990156697,0.8981800130344656,0.07256107365486117,0.1790671624226155,0.14663387404567646,0.12232850724531097,0.17837136874586196,0.1948997059964997,0.25958964839883036,0.15774816732429475
2040,NB,8,1497.7886823859399,7042.892587917151,7098.280911267876,5226.317119911027,5780.044065643115,6061.632992585659,6529.068617772215,3638.6880898145055,83.81131761405987,908.0074120828504,841.1890887321235,930.1828800889739,623.9559343568844,800.9670074143409,1485.7913822277862,530.9119101854948,278.2346313472597,13096.34268698532,15695.961726344765,9345.690875013484,10974.021325706173,15716.187587910039,28086.301037466215,1857.8893684628126,0.6000001708509031,3.3672748451785446,4.199999466440424,2.0999971588317004,3.5563104299593196,4.1999880237288245,4.1999986921007455,0.7662267745001741,0.06810018869154724,0.14334237407323658,0.1328328562684834,0.18954098489574991,0.12242835960795982,0.1463266708102434,0.23247130631874233,0.16022351429434956
2040,NB,9,1353.6275352731145,6001.501455846815,6957.460500553601,5244.027696078805,4865.150714934072,5072.951855175547,5992.460538307365,3286.6649164487144,1.1724647268853994,978.0985441531843,750.4844994463988,777.3723039211941,642.649285065928,911.7481448244537,875.3794616926351,489.53508355128565,10.8026807645,7916.8368019520885,11682.767866377495,6957.738179177776,6049.3754436563695,8135.028832942655,15115.474997986206,1307.5706982657046,1.9000014994554129,2.099999998722213,3.9541362345569087,2.099993876465968,2.0999999795412023,2.0999998489649214,4.1999984562343435,0.6412561344468412,0.0011302765705888135,0.17599135410489244,0.12219813119271965,0.16211799482752481,0.1465502050715258,0.19092817088167674,0.15991121040140346,0.16278415245808467
2040,SB,1,2007.1829832928647,3636.490840230969,4791.729429516344,4691.409073060733,5580.201312593621,5684.0741795678805,4925.500843673452,5599.294950294212,314.2170167071349,535.7091597690311,990.2005704836554,883.2909269392674,1205.498687406378,844.9258204321194,990.4091563265478,786.4050497057876,181.40711160326077,636.1670067171535,1823.6259135646344,1669.042276604673,4579.034206590712,3008.667870201825,1735.9615718736786,1035.5660130785773,0.6000197196907288,1.2789651693776078,2.0999999789497235,2.0999993037340894,4.199956047454425,4.199998316543457,2.099982892685395,1.5987286330531034,0.1723528531683983,0.16227179580189538,0.2149686094725799,0.19882860027019494,0.2227413212413583,0.16199439154599138,0.2094355110732889,0.1547356680432477
2040,SB,10,1253.2165322618384,2369.134470400135,4774.645311066196,5439.761316687089,5525.763793889424,7910.969918806041,7848.423009398338,4168.4897499898425,1.0834677381615274,253.4655295998648,779.5396889338042,593.0386833129105,593.436206110576,760.1300811939578,2712.5819906016627,572.4102500101571,14.341185679034218,982.7232619438278,9366.798455638685,4406.641479347298,4076.9317620121074,5364.4355081989515,59352.82483265064,3710.976329756989,1.9000044425508364,0.6000004353315853,2.099996131750269,1.2527581760721775,1.1458031948732137,1.2955012310496137,4.19998812705474,1.1705581788124704,0.0011136975235188993,0.12175821735166018,0.17584667590923367,0.12346484653475749,0.12173165012655598,0.1098856352326107,0.3214285709180305,0.15191892914579996
2040,SB,2,1516.1074533568421,3608.011483177438,5517.239069978446,5919.440625269456,7802.917167369709,7034.918976795801,7630.63558646452,5700.862102675982,201.192546643158,587.088516822562,689.1009300215538,730.7593747305438,1083.2828326302908,3018.9810232041978,3089.86441353548,831.2378973240178,111.70853892048778,321.82888989813665,1097.0904330591463,1142.2768248340976,1419.358421576447,9835.768380193296,9838.412699548737,841.5716138855163,0.6370604065374044,0.6676166491141985,1.9631525422791274,1.9099559716492724,1.5988673966728189,4.199999543202422,4.199988800848387,1.3273205544009685,0.14803349411232594,0.1757691278800581,0.1389807006225575,0.1376531269291151,0.1527159403032895,0.3757014340607503,0.36039104764647245,0.15944505387829397
2040,SB,3,1667.3754338197327,4522.577016018181,6213.068402572119,5800.2626174762545,6087.158935958016,6030.3381378006,5007.1047339019215,5102.095269966016,288.52456618026724,588.9229839818183,1319.0015974278806,1347.7373825237448,1872.4410640419849,1184.8618621994008,972.5402660980785,880.7047300339846,117.10645769174327,746.8925817320976,3292.8530701513064,3549.741897562198,4862.361692188662,2918.5010086690927,1185.5412313281772,1061.924642743228,0.6001127049959786,2.043885580356929,4.199999980642172,4.199999983505573,4.199998845000303,4.199996473284392,2.0999943883491006,2.099998087350384,0.1878328132714684,0.14508590765612495,0.2194597838156511,0.2361928662443158,0.2946746735266282,0.2054971479151762,0.2035217118860958,0.18498027032697664
2040,SB,4,1743.3987964821813,3349.1187146335374,4941.557144179183,5457.796006379852,6212.739748724063,6020.5901414157615,4915.155089032422,5259.326703759064,170.40120351781874,466.68128536646304,939.4928558208176,693.1039936201483,1053.7602512759368,985.8098585842388,765.8699109675794,700.8732962409355,224.2399918131743,903.5930781134141,3940.5786082822174,6012.944163898121,2919.9273595579825,7917.703948898493,3030.4376557560954,1406.0560723195001,0.6000002304501963,0.9051820887372027,2.099998591717207,4.199974102750422,1.3517180985013832,4.199998165635227,2.099994977486711,1.0832073135071634,0.1142132271358158,0.1546837169910912,0.20055592707031616,0.14142951537112966,0.18185422164656512,0.1762169698886096,0.16881084542538655,0.14788043957800526
2040,SB,5,1718.3962786836744,3302.188762966519,5048.205002531333,5851.630364411385,6181.071120461839,6721.621410599163,6826.7213681205585,5561.659849081319,114.80372131632537,438.0112370334812,956.6399974686684,757.1696355886145,1214.4288795381606,1683.678589400837,868.7286318794414,699.6401509186812,188.39412623136002,952.6980856642517,4984.0502993185,8325.565102293567,6135.93912974303,8267.086817397598,8470.45112638388,2968.277197316257,0.6000009432142897,0.8136201946045235,2.099999999682199,4.199926549597404,1.9640033066036517,2.0714324562205575,4.199998609230022,1.8383325618661948,0.08051635343167123,0.1480197705429823,0.20055434059032673,0.14416050444361303,0.20606787637481136,0.2509408258038945,0.14155152619140043,0.14042460053288858
2040,SB,6,1695.4224107131063,3333.298782416452,5089.529619446118,5452.5426742515665,5960.458367120881,8382.76060505695,7370.101928345135,5731.302548628111,109.0775892868936,442.8012175835478,1009.7103805538824,774.4573257484327,1370.741632879119,734.3393949430508,1729.6180716548652,818.7974513718892,321.4678469601184,1667.0151684231057,9525.102164315042,15474.59197763483,26804.167436200598,5384.698467941841,26437.972891783065,7112.5334207032065,0.6000042703111256,0.7958298284940647,2.0999976382477428,4.1999943581690475,4.199998660249964,1.747139726162962,3.7004337498179622,2.0999676849477487,0.07757867188544312,0.147875376970571,0.20810461717263057,0.1566046415788403,0.23465202695437348,0.10096738190275821,0.23819440871233538,0.15694033914821956
2040,SB,7,1574.7563389289353,3669.78594144651,6041.032423864281,5444.365608839485,6060.456897156019,8214.226870287375,8762.129552774804,5316.430807082049,91.74366107106475,474.9140585534899,903.8775761357201,714.8343911605149,1024.3431028439804,974.773129712622,963.7054472251945,812.56919291795,225.5672185750141,1692.5371395261982,13303.078828201258,11432.147877479892,16128.787733763682,6289.748505303334,9236.546257204012,5751.203299642311,0.6000002200295039,0.9561203595651666,4.199999953385372,4.199999915734868,4.1999999729180955,1.8999996544658482,2.905517794453273,2.0999996099955127,0.07040362584066609,0.1445558782271803,0.16367995612025593,0.14614882256028408,0.18150393293279535,0.13293713956983627,0.1242360493267546,0.16665540022408698
2040,SB,8,1483.3200397294893,5146.115899524358,6242.074353303016,5000.526880132413,5417.859122313391,6638.512174696634,7248.886682602989,4235.9371825331455,44.97996027051052,629.4841004756414,1002.8206466969845,933.273119867586,884.0408776866093,1013.287825303365,1330.6633173970117,586.3628174668538,187.3441907046644,5899.600966162533,18995.227418864815,9560.70688189932,9214.888702826936,16226.121300076316,16187.22227726214,2903.0876116252675,0.7572182690513511,2.0999672761698958,4.199999340866449,2.0999994883040816,2.0999999946392314,3.5115395275336048,2.7507394984672264,1.0973257862774068,0.03775502894112814,0.1370062204607972,0.17364784045102963,0.19752272731340392,0.17606230274248802,0.16593369406906236,0.19438116447942885,0.15278601793326121
2040,SB,9,1187.9831915093666,2483.494550786737,4626.715207039842,4513.393600100748,4859.824166134721,6327.675481616034,7430.663758932531,3747.5930975536758,0.2168084906335377,272.5054492132631,630.4247929601585,590.8063998992519,614.0758338652793,1299.624518383966,1332.3212410674691,542.4069024463244,2.2039619963808104,769.3528466411417,5622.275363303285,5711.955295205575,5786.8093390330505,21883.71971638687,17158.458072182675,1812.7189653091425,2.0962756227226476,0.6000125872109879,2.0999963965348196,2.0999998394259105,2.099999993885603,4.199999919656401,3.3326325230819904,0.8195173009554791,0.0002469306564178166,0.12462941784311053,0.15029217335300127,0.14555174700983659,0.14090633477897813,0.2135431847694989,0.19040070684935526,0.15926298734132913
2050,NB,1,1901.8874050871389,7503.921063581721,8391.588055051216,5866.661054472636,5581.624033195639,5873.060920764484,6083.984379566355,5156.006362114882,288.51259491286083,1043.178936418279,2896.856944948785,1781.1389455273643,1592.3759668043622,1357.9390792355164,1098.7506204336455,1125.3936378851179,206.3410764267661,1863.8888841178866,12209.893333826987,4454.209988617907,4771.382026914243,5540.841842637472,4719.845587190009,2424.468477205301,0.7000119080428562,2.1999933464830157,5.149957472133262,2.9199510292678252,3.33509156062896,4.77181590699353,5.149984337325229,2.574999980480594,0.1689117933344163,0.1531862749372577,0.3214285655048199,0.2915963427753721,0.2782704232244666,0.23521306475443304,0.1916108191781335,0.22534372103140268
2050,NB,10,1638.3447745639596,6399.428293236446,8253.834191274475,7628.313267088268,6318.187710741873,7353.6700934456785,7925.35889009626,4114.473752145287,5.155225436040397,1363.2717067635544,2861.5708087255243,606.286732911733,751.7122892581282,620.9299065543211,778.3011099037399,568.0262478547124,70.05972535850702,15850.16552285821,78708.4425120495,3568.515807445652,8265.562166820902,3446.783287775973,13679.95620678013,3992.6734793720975,1.9992073871750513,2.199999955939129,5.149993005166736,1.0138469418183003,1.8305101309860103,0.9882858072868812,3.2250169738861914,1.2704808554419136,0.004054803624390401,0.2209224200506238,0.3225305249110192,0.09247286413184772,0.133637825808189,0.09757716573746404,0.11232826937008793,0.1524435272247284
2050,NB,2,1867.3159988480413,6511.562791984303,9860.528740281195,7618.014878971262,7770.233090926879,7922.409378368426,7480.596396913194,6231.603154076613,59.48400115195872,1216.037208015697,2237.046259718804,1797.7851210287379,1805.8669090731207,2049.190621631574,2282.618603086806,856.2968459233875,70.03475722894318,4708.550382919707,7954.691413574831,6110.924931662019,6241.296440242893,6952.240107668257,7688.997587731129,1307.684257953768,1.3304478527752561,5.031039941738646,4.654421222870688,4.299990799523482,4.299999730094337,4.2999720384583275,4.365835768241139,1.997427887393587,0.039049082697519305,0.19725037171417753,0.23136830448840345,0.23885418801984254,0.2360998278027867,0.2574019527918303,0.2925102933251541,0.15133803996275108
2050,NB,3,1518.709590853195,5139.86850404417,5347.344870785169,4795.301091431941,5556.027313998547,5853.161012166271,5179.620577412882,3978.072530501682,29.790409146804954,806.7314959558315,1118.8701292148296,756.5989085680595,806.7726860014537,836.338987833729,1090.7694225871169,678.4274694983186,15.373134037721169,1206.1238664262087,1668.5637765394752,1220.0483478634687,2623.4331385254063,2564.9547553349034,1653.6591550260043,348.04103073736655,0.7000969207756315,2.5749979448153844,2.574999329170494,2.5749511151436746,5.1499982310661485,5.149909079264757,2.574999244595564,0.8632234509489198,0.024854586628235583,0.17040842279842455,0.21686563554253185,0.17068870554733548,0.15900794209109476,0.15650607894299093,0.21777914543066523,0.18339269559501417
2050,NB,4,1893.2319538513218,9031.366137096458,9070.649105973136,8800.333014802396,8312.99267278084,8278.747002018375,8051.820001135293,4639.3974983079315,7.268046148678085,768.8338629035422,3685.380894026865,1118.5669851976052,1013.0073272191601,1518.0529979816279,1918.8749988647066,634.102501692069,34.19313346011664,3634.8411008301705,33923.240574474556,4829.621832566691,4448.15857656135,12418.34103583346,15227.842962204804,2287.403795871834,1.996677118556049,2.6024353418145316,5.149982017314972,2.2349960391656722,2.1621695732684434,4.299997901124233,4.3000003255362715,1.8838362234922696,0.004988227771748265,0.0985215417128162,0.3619842914119052,0.14123838982842035,0.136267654976967,0.1941129022731487,0.24101438657437707,0.1516434618434451
2050,NB,5,1757.074142753715,7425.328629908,9000.32107316768,6949.266722377632,6678.75374776397,8586.732645713128,8354.989759633498,4677.319614271677,136.1258572462849,2557.671370092,3105.863926832319,2932.7332776223693,2627.8462522360305,1336.6673542868734,1773.8352403665035,619.2803857283226,278.83557620321784,29636.604003647804,36019.41552859376,37007.00708553725,34588.11726434819,13742.352245988917,17744.50346032232,2649.288976326453,0.7000016197932127,5.149980011023441,5.149986327031359,5.149984440439949,5.149985419136555,4.299992868399612,4.29999151234469,1.7928601321666389,0.09323073257337199,0.3214285640949188,0.32142856381900076,0.3720307492241026,0.3543443777232371,0.16884117208137397,0.21940867928408628,0.14750970981055864
2050,NB,6,1799.2825345705012,9167.093266498707,8168.0974807038365,8989.40411295024,8482.759760903285,8191.935044498622,8179.324007069417,4639.8816572654205,140.41746542949866,949.6067335012938,3657.2125192961653,584.395887049761,601.6402390967129,1302.064955501379,1754.410992930584,616.5183427345794,509.62549695436917,10411.76533411284,76200.14504037466,9155.628653413163,9497.58230430882,24145.172333431612,31828.915946008317,4519.400220008005,0.7000022242807561,2.7171934595193585,5.149993240990476,3.585854498641319,3.4582381490356555,4.299998983756063,4.299999979096851,1.7106672256017832,0.0932161639544359,0.11788555401930542,0.3872751265283303,0.07683681619173789,0.08341885991561626,0.17206190480549713,0.22138082093284597,0.147672568329777
2050,NB,7,1773.8893855208323,8894.408335487753,9017.204633196781,7897.18112012459,7855.3844121635075,8619.333223773663,8337.097416049482,4659.079079025617,138.91061447916783,725.7916645122457,705.0603668032193,374.8188798754102,623.6155878364931,598.8667762263366,1769.4675839505182,617.220920974383,409.8738615881372,6046.27276320322,9539.625115646355,5639.224773910132,6192.131365936584,8840.80782638346,25826.997328819052,3794.884458524924,0.7000133430389421,2.521968757845539,4.026346669375845,4.141762794280769,2.652569942556022,4.215834633312612,4.3000000162290455,1.773871946153991,0.09432845029290773,0.09475999049198666,0.0910225393995526,0.05715786784523801,0.09251059510311367,0.08163100050393528,0.21942265044092812,0.14749662261503754
2050,NB,8,1739.803493004807,8862.97996633258,8716.497319811322,5682.034175922519,7000.290156184979,7327.549051049946,7767.170032170914,4334.302053340776,128.6965069951929,529.9200336674197,662.6276801886773,1590.9658240774809,564.9098438150213,779.5509489500544,1701.099967829085,591.3979466592241,498.44016686928785,7839.694599789987,12613.393922474246,20006.68524532901,10183.415748725427,15613.989613855538,32886.74871038717,3782.42461255276,0.7000020259108323,3.467276447904578,4.299999481203856,2.6293034443585603,3.656310441214627,4.299988945792114,4.299998783185033,1.4006384254712405,0.08851859494037653,0.07097786394297112,0.08877570111225914,0.27448931270794147,0.09404993408850852,0.1207990845403861,0.2254581031875721,0.15109790457997235
2050,NB,9,1584.7314982617197,6530.523480089253,8341.09368283631,5698.296813159978,5421.679172059428,5735.545807859532,6518.026352272018,3878.3865586259803,3.568501738280303,1652.576519910747,695.8363171636915,1361.5031868400226,1035.620827940572,1281.054192140468,1534.0036477279816,549.0134413740195,34.98174306386711,14010.426305551835,11081.94991919487,15027.077312986097,14489.864487975365,20526.55847052833,27108.193025515575,2426.5765440649566,2.0000174860342432,2.200000975732723,4.05413625156121,2.590089435573921,3.1223715077065393,3.7732646000186274,4.2999988815263945,1.0611964303730799,0.0029056471596602806,0.25365087634452144,0.09676921317150387,0.24220947987436842,0.20148543660313012,0.2288978851440753,0.2390788380019879,0.15572242846121853
2050,SB,1,2340.307701441497,4354.866427106096,5808.577113091677,5567.1716348940945,6479.81132911268,6025.031377030464,6005.708621598212,6095.761225908636,400.99229855850285,571.8335728939035,1018.942886908324,1015.628365105906,1533.0886708873195,1684.868622969536,980.1513784017891,1445.0387740913648,270.10561048320005,1367.0326766497694,4601.122070308812,4648.681496988156,5960.71912573288,6141.95457202635,4212.607972069186,2021.9421867677022,0.7000280313477936,2.5749945489699386,5.14992658057771,5.088088677996017,4.29995636683917,4.299998326439302,5.149999961579874,1.6987287712849146,0.1862605821768707,0.14669572633509353,0.1873528596945559,0.19363760441581546,0.23992463689158167,0.27357034250900497,0.1755358703914579,0.24077854963950537
2050,SB,10,1486.1797768031277,2739.9919203486447,5803.639785225387,6457.764336875959,6642.568250319125,7523.608593137693,9320.019118682721,4997.724792275213,3.420223196872248,374.30807965135506,792.0402147746139,706.2356631240408,624.1317496808755,2773.4914068623066,3221.180881317281,632.1752077247866,47.783977590535315,1751.2249836394706,23306.872056222237,5664.076736097153,4659.626200343012,77903.00959954344,86421.904774306,9008.76671474734,2.0000166345452413,0.7240281269279404,5.149998884982762,1.352758179966756,1.2458031988969374,5.149993370490911,5.149994006103266,2.5741599532197035,0.0029517496339712336,0.15141469543929695,0.15060969587604614,0.12386064776942984,0.10785711043824577,0.33735518105576084,0.3214285591956541,0.1413332113088902
2050,SB,2,1815.7126959907464,4456.404223014547,6474.790418966343,6962.0499625403,9975.172666092973,9925.090340969655,10657.41722916145,6574.467662077326,277.0873040092538,656.0957769854517,1088.989581033657,1142.4500374597012,854.4273339070272,2327.609659030347,2407.7327708385487,1386.3323379226733,177.99403604926297,564.791130273926,2274.1258586617287,1879.1700896587797,1189.31245061686,7761.931062014257,8762.885290803342,1953.934162463859,0.7370604997640244,1.04845524758369,2.5749967730852505,2.0099560661111795,1.6988697103606447,4.300012836227004,4.801543151393021,1.8478316827950032,0.16729292326354256,0.16118226679286127,0.18021296827541505,0.17659278725166005,0.09884729459663064,0.2377132038590243,0.23045642981071826,0.21820062762785436
2050,SB,3,1970.7425434808674,5039.167717601712,7083.187108325049,6964.84387670161,7808.463771144851,6831.478124182089,6173.787085056105,6133.963631828214,381.8574565191323,1108.4322823982877,1975.687891674952,1632.0561232983907,1764.5362288551476,1846.2218758179101,1017.9779149438954,1061.436368171786,180.83074647260557,1771.093177323618,5053.921004311794,4400.125392821889,4690.158978889708,4655.3023849368965,3043.001781872839,3138.2872186009017,0.7001156599622915,2.574999409400655,4.304005749189203,4.3000055783313185,4.299998865403654,4.29999647624511,5.149999743670763,5.149864858731922,0.20667894914333837,0.22704608957143438,0.27333325610881953,0.23784731192652228,0.23092839301612283,0.26625321468846347,0.17713569494728218,0.18537929931803657
2050,SB,4,2044.141974933776,4059.8853307003283,6012.395957566665,6254.301617156686,7928.48209316826,7034.608797281365,6054.457056124091,6151.717114766377,247.5580250662241,509.41466929967135,1029.8490424333352,1110.9983828433133,772.7179068317407,1355.2912027186348,748.1779438759094,985.2828852336241,380.0734412619699,1954.1989140241535,10589.102058183546,9862.994016076926,2298.8641864421534,11138.022957268193,7243.569180878146,3262.2913587341136,0.7000014164057458,1.7936262950463067,5.149998731056694,4.299974125916362,1.4517181084032198,4.2999985849199325,5.1405570097272175,1.7879096204986393,0.13856484822041054,0.1410197029183858,0.1836449623546006,0.1893926998105458,0.11139071056797144,0.20239254057367964,0.13776112734507037,0.17361948510428427
2050,SB,5,1981.247556791975,3905.7189204378005,6064.155118580728,7198.920754403854,7897.015835288257,8843.081297085297,8172.251078310322,6176.744532335323,170.55244320802493,484.08107956219936,983.6548814192721,557.679245596146,782.984164711743,1022.2187029147041,859.9539216896789,1172.1554676646774,326.5430825583763,1899.5718073430257,12561.344207436896,6262.912225510892,4154.592483686361,5258.428697751529,8575.610440764829,7049.1300860484625,0.700001679053186,1.4680339337297565,5.149993978691702,4.299926569872719,2.0640033334811556,2.1714324602103887,4.299999105015365,2.6059629920922656,0.10190806373540272,0.13939253025740878,0.17576606255335425,0.0906350434452243,0.11325775645865183,0.12985864585737888,0.11946257629427735,0.20045337682775147
2050,SB,6,1956.7156753255185,3945.4431604671236,6055.809125410078,6339.876997209127,7605.379595807039,7668.824811109998,9518.170294996318,6211.929529421301,162.78432467448155,490.1568395328772,1108.6558745899222,974.5230027908733,1006.120404192961,3040.575188890002,1170.7247050036835,1482.1704705787,559.6914258917895,3307.5041954388407,24025.12949471203,19902.65873287629,20083.931778384307,65820.45411679037,18347.784092378526,15832.393036783218,0.7000046727727927,1.426685090957523,4.830026151980849,4.299994368324257,4.2999986696697885,5.14999220049603,3.800433763008275,2.5825867145024883,0.09856611844636566,0.13937322486731216,0.19469762679875807,0.1679793501769552,0.14695101353901782,0.3555596182603374,0.13739863080730824,0.24186596372331826
2050,SB,7,1832.948964548607,4386.363329406279,6789.855003069169,6325.600909887791,7752.302629093797,7656.48789200911,8076.007101202618,6130.392627044969,141.3510354513931,523.8366705937209,1437.7349969308316,971.1990901122081,641.3973709062025,3229.71210799089,3446.2728987973815,1130.6073729550308,405.4495581218611,3718.3899028310957,21651.823042338656,15882.595724958372,10302.205463595948,56544.18374208077,58627.13369257244,15797.621073834829,0.7000026442280144,1.9049041187501947,4.299999980720319,4.299999928341725,4.2999999862797855,5.1499908983157585,5.149987642171768,4.147598371534257,0.09156422024201791,0.13461728841597162,0.21984581895218733,0.16776462849131055,0.09619176900551839,0.3715490150937933,0.3746900189630644,0.19578794359599094
2050,SB,8,1726.1677043925822,6070.171814053589,7067.9325263362225,5564.138866044804,6241.750926743852,8519.783430533456,9151.912662934026,5051.704573211499,79.43229560741767,752.728185946411,1490.8274736637788,1445.6611339551969,1202.849073256148,519.7165694665422,983.422337065975,645.0954267885006,374.57633840471635,16272.202911285578,28887.94703220933,22740.39990433551,13128.15856771057,8515.692810081917,12383.86979802403,6721.899312529301,0.8572182830910371,4.849007846891501,4.299999882559144,3.2263941986597975,2.2000000129967745,3.6115395293838892,2.8507395018785116,2.310220242327845,0.05643375544978369,0.1387785606505805,0.2186380281856321,0.25910922519551,0.20286505611467118,0.0722880999511466,0.12169180626161454,0.14231945573138513
2050,SB,9,1391.6125721468684,2842.6590830566956,5177.923681084736,5273.396118010375,5415.700079986345,7709.844641736015,9337.079151183007,4430.199775398354,1.4874278531317757,388.64091694330403,985.6813189152647,710.9038819896257,1001.9999200136554,1232.655358263985,936.750848816993,599.5002246016461,16.521108544304244,1326.2232680566046,10779.904625070452,15196.669592867913,13897.569859838035,21211.181087925004,12408.41536830598,3669.201119307704,2.1963145368914376,0.725210928104391,2.574999995647733,4.6476122698234175,3.091687803727536,4.299999929977497,3.432632537580681,1.5010848988152843,0.001388810466092114,0.15159927997701986,0.20041305807353157,0.1494979738737322,0.19614897576476306,0.17295855331592164,0.11428187355057731,0.15015375372209358
