,Year,SegDir,Segment,Direction,Period,Hours/Day,Peak,4Periods,Length,Speed GP,Capacity GP,Alpha GP,Beta GP,Speed ML,Capacity ML,Alpha ML,Beta ML,MinToll,MinCapture,AADT lights,AADT mediumA,MaxToll,Soft Cap,MaxCapture,MaxCap_aux,B1,B2,TotalLights,TotalHeavies,TotalVeh,Corridor PCE pre-fix,Suppressed ratio ref,Suppressed ratio,Corridor PCE,Suppressed Demand,PCE ratio,HOV3,InScopeLights,InScopeHeavies,InScopeVeh,TollLights,TollHeavies,CaptureRateLights,CaptureRateHeavies,VOT Lights,VOT Heavies,Speed GP real,Speed ML real,Bounus Seg,Time ML,Time GP,Time Savings,BonusRel,MLVeh_Lights,GPVeh_Lights,MLVeh_Heavies,GPVeh_Heavies,MLVeh,GPVeh,GPVehDay,ML PCE,GP PCE,TollLightsPerSeg,TollHeaviesPerSeg,TollBlend,RevenuePerHour,RevenuePerHourLights,RevenuePerHourHeavies,RevenuePerDay,RevenuePerDayLights,RevenuePerDayHeavies,TransactionsDay_Lights,TransactionsDay_Heavies,TransactionsDay,TotalVeh_hours
48,2032,4NB,4,NB,Night,8,OP,NT,2,70,8000.0,1,6,70,3600,1,5,0.5,0,1702.4,36.5,3.6,1.8,0.3103448275862069,0.3103448275862069,3.402,0.708,1702.4,36.5,1738.9,1811.9,1.2,0.2264875,1811.9,0.0,1.0,0.0,1498.112,32.12,1530.2320000000002,1.7998025331841463,5.399407599552439,0.0002696490067379369,1.7796343897093515e-05,467316.3373762429,1401949.012128729,69.99056544455675,70.0,0.0,1.7142857142857142,1.714516795768115,-0.00023108148240091886,0.00016175703768056549,0.4039644127821841,1701.9960355872179,0.0005716185659746436,36.49942838143402,0.40453603134815874,1738.4954639686518,13907.963711749215,0.40567926848010805,1811.49432073152,3.5996050663682926,10.798815199104878,1.80488885659335,1.4602851501415797,1.4541123468832422,0.0061728032583375165,11.682281201132637,11.632898775065938,0.04938242606670013,3.2317153022574727,0.004572948527797149,3.23628825078527,13911.2
49,2032,4NB,4,NB,AM-Early,1,OP,AM,2,70,10800.0,1,6,70,3600,1,5,0.5,0,7601.7,158.0,3.6,1.8,0.25,0.25,3.246,0.715,7601.7,158.0,7759.7,8075.7,1.2,0.74775,8075.7,0.0,1.0,0.0,6689.496,139.04,6828.536,1.1140337453444844,3.342101236033453,0.1044004712994967,0.10411187765520517,63.17307806745562,189.51923420236687,63.74917843607413,69.97400448538185,1.5136134144430966,1.714922575641201,1.8823771998933696,-0.16745462425216862,0.11766403992535873,698.386535156098,6903.313464843902,14.475715469179727,143.52428453082027,712.8622506252777,7046.837749374722,7046.837749374722,741.8136815636373,7333.886318436363,2.228067490688969,6.684202472066906,1.159277929635422,1652.8109480402388,1556.0523349162106,96.75861312402829,1652.8109480402388,1556.0523349162106,96.75861312402829,698.386535156098,14.475715469179727,712.8622506252777,7759.7
50,2032,4NB,4,NB,AM-Peak,2,Peak,AM,2,70,8800.0,1,6,70,3600,1,5,0.5,0,6030.2,206.3,3.6,1.8,0.2903225806451613,0.2903225806451613,3.246,0.715,6331.71,216.615,6548.325,6649.1,1.2,0.7555795454545455,6649.1,0.0,1.0,0.0,5571.9048,190.62120000000002,5762.526,1.6160631884333316,4.848189565299995,0.11311375965807664,0.11277237889090223,61.10938203596045,183.32814610788137,63.8706854512103,69.98126686037554,2.4182237949685628,1.7147446078594188,1.878796182509516,-0.16405157465009723,0.11515732775666138,630.2591003848836,5701.450899615116,21.496806191038456,195.11819380896156,651.755906575922,5896.569093424077,11793.138186848155,694.7495189579989,6286.805481042001,3.2321263768666633,9.69637913059999,1.7226681207514285,2245.5182455395743,2037.0770626142364,208.44118292533793,4491.036491079149,4074.154125228473,416.88236585067585,1260.5182007697672,42.99361238207691,1303.511813151844,13096.65
51,2032,4NB,4,NB,AM-Shoulder,1,OP,AM,2,70,9600.0,1,6,70,3600,1,5,0.5,0,5671.8,270.0,3.6,1.8,0.2727272727272727,0.2727272727272727,3.246,0.715,5671.8,270.0,5941.8,6481.8,1.2,0.6751875,6481.8,0.0,1.0,0.0,4991.184,237.6,5228.784000000001,0.9153102680507625,2.7459308041522874,0.1123912032568576,0.11222622748020888,61.23176782731953,183.69530348195855,66.62064898090296,69.98747832051203,1.3772044073081167,1.7145924225252482,1.8012433357471258,-0.08665091322187757,0.06087033502298815,560.9651754363756,5110.834824563624,26.66495164929763,243.33504835070238,587.6301270856733,5354.169872914326,5354.169872914326,640.9600303842685,5840.839969615731,1.830620536101525,5.491861608304575,0.9983785210783027,1173.3545944416992,1026.914370191624,146.4402242500754,1173.3545944416992,1026.914370191624,146.4402242500754,560.9651754363756,26.66495164929763,587.6301270856733,5941.8
52,2032,4NB,4,NB,MD,5,OP,MD,2,70,8800.0,1,6,70,3600,1,5,0.5,0,5451.4,259.4,3.6,1.8,0.2903225806451613,0.2903225806451613,3.249,0.708,5451.4,259.4,5710.799999999999,6229.599999999999,1.2,0.7079090909090908,6229.599999999999,0.0,1.0,0.0,4797.232,228.272,5025.503999999999,0.9591255019797614,2.877376505939284,0.11837281199006582,0.11820578331999577,59.58322976116209,178.74968928348625,65.7243341727905,69.98669257073435,1.452656862509794,1.7146116724792797,1.825807769836325,-0.11119609735704539,0.07806543888542761,567.8618416087274,4883.538158391272,26.983070570022075,232.4169294299779,594.8449121787495,5115.95508782125,25579.77543910625,648.8110533187937,5580.788946681206,1.9182510039595229,5.754753011878568,1.0461402870962249,1244.5824544088114,1089.301547776245,155.28090663256648,6222.912272044057,5446.507738881224,776.4045331628324,2839.309208043637,134.91535285011037,2974.2245608937474,28553.999999999996
53,2032,4NB,4,NB,PM-Shoulder,1,OP,PM,2,70,8800.0,1,6,70,3600,1,5,0.5,0,5967.7,152.1,3.6,1.8,0.2903225806451613,0.2903225806451613,3.399,0.592,5967.7,152.1,6119.8,6424.0,1.2,0.73,6424.0,0.0,1.0,0.0,5251.576,133.84799999999998,5385.424,0.9588582110377257,2.876574633113177,0.12629051823517848,0.1261226675552349,58.958157976292554,176.87447392887768,65.13799693205225,69.97854432704105,1.4418622341261025,1.71481132044111,1.8422427101216554,-0.12743138968054546,0.08956989708515878,663.2242545914256,5304.475745408574,16.88126680693308,135.21873319306692,680.1055213983587,5439.694478601641,5439.694478601641,713.8680550122249,5710.131944987775,1.9177164220754515,5.753149266226354,1.0064588870541915,1368.9964922920055,1271.8760445487271,97.12044774327836,1368.9964922920055,1271.8760445487271,97.12044774327836,663.2242545914256,16.88126680693308,680.1055213983587,6119.8
54,2032,4NB,4,NB,PM-Peak,3,Peak,PM,2,70,8800.0,1,6,70,3600,1,5,0.5,0,5476.1,141.5,3.6,1.8,0.2903225806451613,0.2903225806451613,3.399,0.592,5749.905000000001,148.57500000000002,5898.4800000000005,5900.6,1.2,0.6705227272727273,5900.6,0.0,1.0,0.0,5059.916400000001,130.746,5190.6624,1.2764474704021993,3.829342411206598,0.12195097872327045,0.12173812099647432,59.71162797368088,179.13488392104264,67.02666487882338,69.98496903845985,2.051529399963283,1.7146538985257629,1.790332253841757,-0.0756783553159941,0.05323257768922986,617.0617572379273,5132.843242762074,15.916772367805033,132.65822763219498,632.9785296057323,5265.501470394269,15796.504411182807,664.8120743413424,5530.817925658659,2.5528949408043986,7.658684822413196,1.340642140128224,1697.1953811716908,1575.2938382165767,121.90154295511415,5091.586143515073,4725.88151464973,365.70462886534244,1851.1852717137817,47.7503171034151,1898.9355888171967,17695.440000000002
55,2032,4NB,4,NB,PM-Late,3,OP,NT,2,70,8000.0,1,6,70,3600,1,5,0.5,0,2974.4,54.2,3.6,1.8,0.3103448275862069,0.3103448275862069,3.402,0.708,2974.4,54.2,3028.6,3137.0,1.2,0.392125,3137.0,0.0,1.0,0.0,2617.472,47.696000000000005,2665.168,0.5317279372421715,1.5951838117265145,0.12743651947881632,0.12737960032536677,67.24401556384095,201.73204669152287,69.87556717611565,69.9993762840413,0.8013843378144995,1.7143009890983558,1.7173384753722258,-0.003037486273870016,0.002136932760558055,333.5615215132563,2640.838478486744,6.075497417118694,48.124502582881306,339.637018930375,2688.962981069625,8066.888943208875,351.7880137646124,2785.211986235388,1.063455874484343,3.190367623453029,0.5507512564286287,374.11102981115596,354.727959555208,19.38307025594798,1122.3330894334679,1064.183878665624,58.14921076784394,1000.6845645397689,18.22649225135608,1018.9110567911249,9085.8
56,2032,4SB,4,SB,Night,8,OP,NT,2,70,8000.0,1,6,70,3600,1,5,0.5,0,1642.2,49.5,3.6,1.8,0.3103448275862069,0.3103448275862069,3.402,0.708,1642.2,49.5,1691.7,1790.7,1.2,0.2238375,1790.7,0.0,1.0,0.0,1445.136,43.56,1488.6960000000001,1.7999577747071387,5.399873324121416,0.00026011600637851654,2.3586783617700118e-05,501516.039145819,1504548.1174374572,69.99120797278823,70.0,0.0,1.7142857142857142,1.7145010562848781,-0.0002153419991639538,0.00015073939941469966,0.3759030049938239,1641.8240969950061,0.0010274402943870173,49.498972559705614,0.3769304452882109,1691.3230695547118,13530.584556437694,0.37898532587698497,1790.321014674123,3.5999155494142774,10.799746648242833,1.8097704559009609,1.3643151676243952,1.3532190727488194,0.01109609487557582,10.914521340995162,10.825752581990555,0.08876875900460655,3.007224039950591,0.008219522355096138,3.015443562305687,13533.6
57,2032,4SB,4,SB,AM-Early,1,OP,AM,2,70,8800.0,1,6,70,3600,1,5,0.5,0,3896.3,188.6,3.6,1.8,0.2903225806451613,0.2903225806451613,3.246,0.715,3896.3,188.6,4084.9,4462.1,1.2,0.5070568181818182,4462.1,0.0,1.0,0.0,3428.744,165.968,3594.712,0.6200325821855716,1.8600977465567148,0.1194719673512449,0.11939408658302796,59.64036262361978,178.92108787085937,69.39433392663797,69.99737076346968,1.0350402779877095,1.7143501061703559,1.7292478104460391,-0.014897704275683266,0.01047346731222746,409.6387912237769,3486.6612087762232,19.815597762011983,168.78440223798802,429.45438898578885,3655.4456110142114,3655.4456110142114,469.0855845098128,3993.0144154901873,1.2400651643711431,3.7201954931134296,0.6772508412744896,581.6966924592948,507.97879497170925,73.71789748758555,581.6966924592948,507.97879497170925,73.71789748758555,409.6387912237769,19.815597762011983,429.45438898578885,4084.9
58,2032,4SB,4,SB,AM-Peak,2,Peak,AM,2,70,9600.0,1,6,70,3600,1,5,0.5,0,4326.7,232.2,3.6,1.8,0.2727272727272727,0.2727272727272727,3.246,0.715,4543.035,243.81,4786.845,5023.299999999999,1.2,0.5232604166666666,5023.299999999999,0.0,1.0,0.0,3997.8707999999997,214.5528,4212.4236,1.0275428928552681,3.082628678565804,0.10847816606149648,0.10833442901424324,62.14321649481084,186.42964948443247,69.24572180095532,69.99625733993372,1.6549248896581037,1.7143773761677759,1.7329590461189253,-0.018581669951149404,0.01307133228324775,433.6816925348077,4109.353307465192,23.243455081407127,220.56654491859288,456.9251476162149,4329.919852383785,8659.83970476757,503.4120577790291,4771.052942220971,2.0550857857105362,6.165257357131608,1.1320836352455783,1034.554964296974,891.2530818511706,143.30188244580336,2069.109928593948,1782.5061637023412,286.6037648916067,867.3633850696154,46.486910162814254,913.8502952324297,9573.69
59,2032,4SB,4,SB,AM-Shoulder,1,OP,AM,2,70,8800.0,1,6,70,3600,1,5,0.5,0,3872.8,259.4,3.6,1.8,0.2903225806451613,0.2903225806451613,3.246,0.715,3872.8,259.4,4132.2,4651.0,1.2,0.5285227272727273,4651.0,0.0,1.0,0.0,3408.0640000000003,228.272,3636.336,0.6503474824688937,1.9510424474066812,0.11938301541300024,0.11930713224344217,59.66022740881287,178.98068222643863,69.22473895963809,69.99677750413814,1.0793284810681854,1.7143646361849405,1.7334843266070925,-0.019119690422152003,0.013439028624964919,406.8649570404913,3465.935042959509,27.23447769147503,232.16552230852494,434.0994347319663,3698.1005652680337,3698.1005652680337,488.5683901149164,4162.431609885083,1.3006949649377875,3.9020848948133624,0.7319503254393859,635.4784450502324,529.2072010321962,106.2712440180362,635.4784450502324,529.2072010321962,106.2712440180362,406.8649570404913,27.23447769147503,434.0994347319663,4132.2
60,2032,4SB,4,SB,MD,5,OP,MD,2,70,8000.0,1,6,70,3600,1,5,0.5,0,5143.7,226.4,3.6,1.8,0.3103448275862069,0.3103448275862069,3.249,0.708,5143.7,226.4,5370.099999999999,5822.9,1.2,0.7278625,5822.9,0.0,1.0,0.0,4526.456,199.232,4725.687999999999,0.9854326958887211,2.956298087666163,0.12443278211264201,0.12426640811864789,58.32687876468531,174.98063629405593,65.16743474759322,69.9878113586205,1.5074765155794227,1.7145842636100581,1.8414105214480898,-0.1268262578380317,0.08898736501366288,563.2395131904611,4580.460486809538,24.757845022294457,201.64215497770556,587.9973582127556,4782.102641787244,23910.513208936216,637.5130482573445,5185.386951742656,1.9708653917774421,5.912596175332326,1.0684167080579972,1256.4524036169425,1110.069263828654,146.38313978828867,6282.2620180847125,5550.346319143269,731.9156989414433,2816.197565952306,123.78922511147229,2939.986791063778,26850.499999999996
61,2032,4SB,4,SB,PM-Shoulder,1,OP,PM,2,70,6400.0,1,6,70,3600,1,5,0.5,0,4217.0,126.1,3.6,1.8,0.36,0.36,3.399,0.592,4217.0,126.1,4343.1,4595.3,1.2,0.718015625,4595.3,0.0,1.0,0.0,3710.96,110.96799999999999,3821.9280000000003,0.8781337737221401,2.63440132116642,0.15058201142150132,0.15046883154398588,55.22455391494012,165.67366174482035,66.1376039720086,69.99031188608993,1.4519618097207587,1.714523007059912,1.81439896206079,-0.09987595500087809,0.07007927344255302,558.8038211047345,3658.1961788952653,16.697225298773024,109.40277470122697,575.5010464035075,3767.5989535964923,3767.5989535964923,608.8954970010536,3986.404502998946,1.7562675474442802,5.26880264233284,0.9290890154334468,1069.3834011679064,981.4090163941044,87.97438477380206,1069.3834011679064,981.4090163941044,87.97438477380206,558.8038211047345,16.697225298773024,575.5010464035075,4343.1
62,2032,4SB,4,SB,PM-Peak,3,Peak,PM,2,70,8000.0,1,6,70,3600,1,5,0.5,0,4125.1,102.6,3.6,1.8,0.3103448275862069,0.3103448275862069,3.399,0.592,4331.3550000000005,107.73,4439.085,4432.900000000001,1.2,0.5541125000000001,4432.900000000001,0.0,1.0,0.0,3811.5924000000005,94.8024,3906.3948,0.993782018377835,2.981346055133505,0.12997516693728517,0.12984756524381674,58.33948333010283,175.0184499903085,69.07205352582669,69.9950511048837,1.6984849800419266,1.7144069202862164,1.737316235358934,-0.02290931507271754,0.016121364751253697,495.4123584868875,3835.942641513113,12.309860819270414,95.42013918072959,507.7222193061579,3931.3627806938425,11794.088342081528,532.3419409446988,4122.203059055301,1.98756403675567,5.96269211026701,1.0419710393257169,1058.063697078394,984.6637870928453,73.39990998554869,3174.191091235182,2953.991361278536,220.19972995664608,1486.2370754606625,36.92958245781124,1523.1666579184737,13317.255000000001
63,2032,4SB,4,SB,PM-Late,3,OP,NT,2,70,8000.0,1,6,70,3600,1,5,0.5,0,4627.3,58.9,3.6,1.8,0.3103448275862069,0.3103448275862069,3.402,0.708,4627.3,58.9,4686.2,4804.0,1.2,0.6005,4804.0,0.0,1.0,0.0,4072.0240000000003,51.832,4123.856,0.8612137854768789,2.5836413564306366,0.1262827142314284,0.1261371333926958,67.52976479345733,202.589294380372,68.41768372487337,69.99498108071408,1.2335394745752484,1.7144086354080599,1.7539325137424053,-0.03952387833434545,0.02775275961968373,514.2262431355181,4113.073756864482,6.537939898010209,52.36206010198979,520.7641830335283,4165.435816966472,12496.307450899416,533.8400628295487,4270.1599371704515,1.7224275709537578,5.167282712861273,0.8828380221361163,919.5008426973011,885.7174588845869,33.78338381271415,2758.5025280919035,2657.1523766537607,101.35015143814245,1542.6787294065543,19.613819694030628,1562.292549100585,14058.599999999999
208,2040,4NB,4,NB,Night,8,OP,NT,2,70,8000.0,1,6,70,3600,1,5,0.5,0,2142.4,46.0,4.2,2.1,0.3103448275862069,0.3103448275862069,3.506,0.708,2142.4,46.0,2188.4,2280.4,1.3,0.28505,2280.4,0.0,1.0,0.0,1885.3120000000001,40.48,1925.7920000000001,2.097583477918675,6.292750433756025,0.00039594826955437407,3.523275902209236e-05,137125.76097935956,411377.2829380787,69.96254292732868,70.0,0.0,1.7142857142857142,1.7152035214707118,-0.0009178071849975655,0.0006424650294983639,0.7464860239700961,2141.65351397603,0.0014262220852142987,45.998573777914785,0.7479122460553104,2187.6520877539447,17501.216702031557,0.750764690225739,2279.649235309774,4.19516695583735,12.58550086751205,2.105583400095553,3.1495832200444847,3.1316335007537552,0.017949719290729402,25.196665760355877,25.053068006030042,0.14359775432583521,5.971888191760769,0.01140977668171439,5.983297968442483,17507.2
209,2040,4NB,4,NB,AM-Early,1,OP,AM,2,70,10800.0,1,6,70,3600,1,5,0.5,0,9566.7,198.8,4.2,2.1,0.25,0.25,3.35,0.715,9566.7,198.8,9765.5,10163.1,1.3,0.9410277777777778,10163.1,0.0,1.0,0.0,8418.696,174.94400000000002,8593.64,2.099979577928504,6.2999387337855115,0.10398509992217551,0.10330232909561772,70.32974517069555,210.98923551208662,50.34080342877799,69.91971208332066,1.90949888858272,1.71625420678221,2.383752181662647,-0.667497974880437,0.4686265271638532,875.4189447744193,8691.281055225581,18.072122661303748,180.72787733869626,893.491067435723,8872.008932564278,8872.008932564278,929.6353127583305,9233.46468724167,4.199959155857008,12.599877467571023,2.184929702001875,3904.4303434273434,3676.7238123160027,227.70653111134075,3904.4303434273434,3676.7238123160027,227.70653111134075,875.4189447744193,18.072122661303748,893.491067435723,9765.5
210,2040,4NB,4,NB,AM-Peak,2,Peak,AM,2,70,8800.0,1,6,70,3600,1,5,0.5,0,7589.0,259.6,4.2,2.1,0.2903225806451613,0.2903225806451613,3.35,0.715,7968.450000000001,272.58000000000004,8241.03,8367.8,1.3,0.9508863636363636,8367.8,0.0,1.0,0.0,7012.236000000001,239.87040000000005,7252.106400000001,2.099999940387129,6.2999998211613875,0.14326090198518576,0.142806339150416,61.168887965675275,183.50666389702582,53.21500090918884,69.807777301529,2.587280735058365,1.719006171499628,2.2550032500192843,-0.5359970785196562,0.37850227501349903,1004.5792542929912,6963.8707457070095,34.25501369454595,238.3249863054541,1038.8342679875373,7202.195732012464,14404.391464024928,1107.3442953766291,7678.845704623372,4.199999880774258,12.599999642322775,2.238492727799432,4650.845908557897,4219.232748258856,431.61316029904077,9301.691817115794,8438.465496517712,863.2263205980815,2009.1585085859824,68.5100273890919,2077.6685359750745,16482.06
211,2040,4NB,4,NB,AM-Shoulder,1,OP,AM,2,70,9600.0,1,6,70,3600,1,5,0.5,0,7137.9,339.8,4.2,2.1,0.2727272727272727,0.2727272727272727,3.35,0.715,7137.9,339.8,7477.7,8157.299999999999,1.3,0.84971875,8157.299999999999,0.0,1.0,0.0,6281.352,299.024,6580.376,1.5716669810360817,4.715000943108246,0.11060849993615005,0.11025317717042012,68.45868767613923,205.37606302841772,58.15558372910066,69.9635602382726,1.749051603904761,1.7151785814118081,2.0634304103795422,-0.3482518289677341,0.24440128726567964,694.7709222909359,6443.1290777090635,32.96834605020771,306.8316539497923,727.7392683411437,6749.960731658855,6749.960731658855,793.675960441559,7363.624039558441,3.1433339620721634,9.430001886216491,1.7140675993910424,2494.7886013361954,2183.897035897299,310.8915654388967,2494.7886013361954,2183.897035897299,310.8915654388967,694.7709222909359,32.96834605020771,727.7392683411437,7477.7
212,2040,4NB,4,NB,MD,5,OP,MD,2,70,8800.0,1,6,70,3600,1,5,0.5,0,6860.5,326.4,4.2,2.1,0.2903225806451613,0.2903225806451613,3.353,0.708,6860.5,326.4,7186.9,7839.7,1.3,0.890875,7839.7,0.0,1.0,0.0,6037.24,287.23199999999997,6324.472,1.7204537924084469,5.16136137722534,0.11522199425360342,0.11484742442168305,66.9294160514491,200.7882481543473,55.410935296269116,69.96335086473165,1.855560470162229,1.71518371428507,2.1656375110506345,-0.4504537967655644,0.31594625773544405,695.6228325876247,6164.8771674123755,32.987855411488866,293.4121445885111,728.6106879991136,6458.289312000887,32291.446560004435,794.5863988220913,7045.113601177909,3.4409075848168937,10.32272275445068,1.8762409140658953,2734.0983664992755,2393.57388082257,340.5244856767051,13670.491832496376,11967.869404112851,1702.6224283835256,3478.114162938123,164.93927705744431,3643.0534399955677,35934.5
213,2040,4NB,4,NB,PM-Shoulder,1,OP,PM,2,70,8800.0,1,6,70,3600,1,5,0.5,0,7510.3,191.4,4.2,2.1,0.2903225806451613,0.2903225806451613,3.502,0.592,7510.3,191.4,7701.7,8084.5,1.3,0.9186931818181818,8084.5,0.0,1.0,0.0,6609.064,168.43200000000002,6777.496,1.7614847927303507,5.284454378191052,0.12311341582420236,0.12272786043173058,66.00140943684747,198.00422831054237,53.75532152452526,69.9404421638201,1.8430089461183912,1.7157455155763301,2.232337126757792,-0.5165916111814619,0.36263598873045444,813.6644444407661,6696.6355555592345,20.671298988237247,170.72870101176275,834.3357434290034,6867.364256570997,6867.364256570997,875.6783414054779,7208.821658594523,3.5229695854607015,10.568908756382104,1.8487690283645888,3084.988163418171,2866.515090535598,218.47307288257318,3084.988163418171,2866.515090535598,218.47307288257318,813.6644444407661,20.671298988237247,834.3357434290034,7701.7
214,2040,4NB,4,NB,PM-Peak,3,Peak,PM,2,70,8800.0,1,6,70,3600,1,5,0.5,0,6891.6,178.0,4.2,2.1,0.2903225806451613,0.2903225806451613,3.502,0.592,7236.18,186.9,7423.08,7425.6,1.3,0.8438181818181819,7425.6,0.0,1.0,0.0,6367.838400000001,164.472,6532.3104,2.0371203117134162,6.111360935140249,0.12030062596407289,0.11987429654400211,66.55777532575745,199.67332597727238,59.42059226609043,69.95572950686753,2.6041106006748684,1.7153705757327518,2.019501917157437,-0.30413134142468534,0.21365134201020586,766.0549455580604,6470.12505444194,19.715965301185115,167.18403469881488,785.7709108592454,6637.309089140755,19911.927267422263,825.2028414616157,6971.677158538385,4.0742406234268325,12.222721870280498,2.1393480547490085,3362.0749392501666,3121.09217896968,240.98276028048673,10086.224817750499,9363.27653690904,722.9482808414602,2298.164836674181,59.147895903555344,2357.3127325777364,22269.239999999998
215,2040,4NB,4,NB,PM-Late,3,OP,NT,2,70,8000.0,1,6,70,3600,1,5,0.5,0,3743.3,68.2,4.2,2.1,0.3103448275862069,0.3103448275862069,3.506,0.708,3743.3,68.2,3811.5,3947.9,1.3,0.4934875,3947.9,0.0,1.0,0.0,3294.1040000000003,60.016000000000005,3354.12,0.7549885741895955,2.2649657225687867,0.1270897382380955,0.12698808732436606,74.71398032212831,224.14194096638496,69.50722262662416,69.99805786248136,1.0101016790740631,1.7143332781568423,1.7264392888291729,-0.012106010672330525,0.008507502180421019,418.64681508906335,3324.653184910937,7.621317048859154,60.57868295114085,426.2681321379225,3385.2318678620777,10155.695603586233,441.5107662356408,3506.3892337643597,1.509977148379191,4.529931445137573,0.7819857004505062,666.6711677792046,632.1471240262143,34.524043752990174,2000.0135033376137,1896.4413720786429,103.57213125897053,1255.9404452671902,22.863951146577463,1278.8043964137676,11434.5
216,2040,4SB,4,SB,Night,8,OP,NT,2,70,8000.0,1,6,70,3600,1,5,0.5,0,2066.7,62.3,4.2,2.1,0.3103448275862069,0.3103448275862069,3.506,0.708,2066.7,62.3,2129.0,2253.6,1.3,0.2817,2253.6,0.0,1.0,0.0,1818.696,54.824,1873.52,2.0994382776037153,6.298314832811146,0.0003820416522428209,3.6709329011706257e-05,147319.61545288228,441958.8463586469,69.965102681693,70.0,0.0,1.7142857142857142,1.7151407687621258,-0.0008550544764116541,0.0005985381334880704,0.6948176247674094,2066.0051823752324,0.0020125522537377837,62.29798744774626,0.6968301770211471,2128.303169822979,17026.42535858383,0.7008552815286228,2252.8991447184712,4.1988765552074305,12.596629665622292,2.1115652760504156,2.942804810203837,2.917453434780789,0.02535137542304837,23.542438481630697,23.33962747824631,0.20281100338438696,5.558540998139275,0.01610041802990227,5.574641416169177,17032.0
217,2040,4SB,4,SB,AM-Early,1,OP,AM,2,70,8800.0,1,6,70,3600,1,5,0.5,0,4903.5,237.4,4.2,2.1,0.2903225806451613,0.2903225806451613,3.35,0.715,4903.5,237.4,5140.9,5615.7,1.3,0.6381477272727273,5615.7,0.0,1.0,0.0,4315.08,208.912,4523.991999999999,0.9173799163137101,2.75213974894113,0.11862792113156648,0.11848315288794178,66.3968919467363,199.1906758402089,67.64224587768015,69.99199120463945,1.3079092749911885,1.714481870492145,1.774039262637734,-0.05955739214558897,0.041827483846413854,511.88896991639984,4391.6110300836,24.752552436125693,212.64744756387432,536.6415223525255,4604.258477647474,4604.258477647474,586.1466272247769,5029.553372775223,1.8347598326274202,5.50427949788226,1.0020080844169115,1075.4382876620584,939.1933207676362,136.24496689442225,1075.4382876620584,939.1933207676362,136.24496689442225,511.88896991639984,24.752552436125693,536.6415223525255,5140.9
218,2040,4SB,4,SB,AM-Peak,2,Peak,AM,2,70,9600.0,1,6,70,3600,1,5,0.5,0,5445.1,292.3,4.2,2.1,0.2727272727272727,0.2727272727272727,3.35,0.715,5717.3550000000005,306.915,6024.27,6322.0,1.3,0.6585416666666667,6322.0,0.0,1.0,0.0,5031.272400000001,270.08520000000004,5301.3576,1.499781440926219,4.499344322778657,0.1080639252690164,0.10779998565043888,69.10239486628366,207.307184598851,67.08840370136394,69.98841719097251,2.0875884629091352,1.7145694218596825,1.7886846813968884,-0.07411525953720588,0.052079276977821914,543.6990446416648,5173.655955358336,29.11518068439592,277.7998193156041,572.8142253260608,5451.45577467394,10902.91154934788,631.0445866948526,6007.055413305148,2.999562881852438,8.998688645557314,1.6522441616794072,1892.8579190437927,1630.8594732057695,261.9984458380232,3785.7158380875853,3261.718946411539,523.9968916760464,1087.3980892833297,58.23036136879184,1145.6284506521215,12048.54
219,2040,4SB,4,SB,AM-Shoulder,1,OP,AM,2,70,8800.0,1,6,70,3600,1,5,0.5,0,4873.8,326.4,4.2,2.1,0.2903225806451613,0.2903225806451613,3.35,0.715,4873.8,326.4,5200.2,5853.0,1.3,0.6651136363636364,5853.0,0.0,1.0,0.0,4288.944,287.23199999999997,4576.1759999999995,0.9741169589597477,2.922350876879243,0.11837342662616988,0.11823067897686738,66.46014257283622,199.38042771850866,67.00166947741023,69.9902576431139,1.3648544269809508,1.7145243358281361,1.7910001487419396,-0.07647581291380345,0.05370010411935782,507.6969978877516,4366.103002112249,33.95963438388357,292.4403656161164,541.6566322716352,4658.543367728365,4658.543367728365,609.5759010394023,5243.424098960598,1.9482339179194954,5.844701753758486,1.0962631815017951,1187.5964459513013,989.1125113108201,198.4839346404813,1187.5964459513013,989.1125113108201,198.4839346404813,507.6969978877516,33.95963438388357,541.6566322716352,5200.2
220,2040,4SB,4,SB,MD,5,OP,MD,2,70,8000.0,1,6,70,3600,1,5,0.5,0,6473.2,284.9,4.2,2.1,0.3103448275862069,0.3103448275862069,3.353,0.708,6473.2,284.9,6758.099999999999,7327.9,1.3,0.9159875,7327.9,0.0,1.0,0.0,5696.416,250.712,5947.128,1.8215188821961554,5.464556646588466,0.1196044993876161,0.1192215294622762,65.88161420327432,197.64484260982297,53.71603268585624,69.96847700933424,1.9374424062333284,1.7150580537002575,2.233969896879535,-0.5189118431792776,0.36377892781567445,681.3169839836065,5791.883016016393,29.890268094546187,255.0097319054538,711.2072520781527,6046.892747921847,30234.463739609237,770.987788267245,6556.912211732755,3.643037764392311,10.929113293176933,1.9746266790276148,2808.737628542877,2482.0635021741496,326.67412636872706,14043.688142714384,12410.317510870747,1633.3706318436352,3406.5849199180325,149.45134047273092,3556.0362603907633,33790.5
221,2040,4SB,4,SB,PM-Shoulder,1,OP,PM,2,70,6400.0,1,6,70,3600,1,5,0.5,0,5307.1,158.8,4.2,2.1,0.36,0.36,3.502,0.592,5307.1,158.8,5465.900000000001,5783.5,1.3,0.903671875,5783.5,0.0,1.0,0.0,4670.2480000000005,139.744,4809.992,1.5902407799184426,4.770722339755328,0.1425265392255542,0.14227306000593157,62.52722273079742,187.58166819239224,56.28237286189253,69.97677428790331,1.8844170774201765,1.7148546960208204,2.1321062687683727,-0.4172515727475523,0.2924743881378608,665.6342847650661,4641.465715234935,19.8818064974689,138.9181935025311,685.516091262535,4780.383908737465,4780.383908737465,725.2797042574729,5058.220295742528,3.180481559836885,9.541444679510656,1.682483281221345,2306.738725114842,2117.037568290507,189.70115682433504,2306.738725114842,2117.037568290507,189.70115682433504,665.6342847650661,19.8818064974689,685.516091262535,5465.900000000001
222,2040,4SB,4,SB,PM-Peak,3,Peak,PM,2,70,8000.0,1,6,70,3600,1,5,0.5,0,5191.3,129.1,4.2,2.1,0.3103448275862069,0.3103448275862069,3.502,0.592,5450.865000000001,135.555,5586.420000000001,5578.6,1.3,0.6973250000000001,5578.6,0.0,1.0,0.0,4796.761200000001,119.28840000000001,4916.049600000001,1.4659204229891294,4.397761268967388,0.12892830595056035,0.12869188167552667,64.8807391066839,194.6422173200517,66.4313730685748,69.98500510686954,2.1484106524550413,1.714653014838762,1.8063754286115412,-0.09172241377277923,0.06446280002807882,618.4382955653771,4832.426704434623,15.351448658062896,120.20355134193711,633.7897442234399,4952.63025577656,14857.890767329682,664.4926415395657,5193.037358460435,2.931840845978259,8.795522537934776,1.5369345165917228,1948.1866683176884,1813.1626556557476,135.0240126619408,5844.560004953065,5439.487966967243,405.07203798582236,1855.3148866961312,46.05434597418869,1901.36923267032,16759.260000000002
223,2040,4SB,4,SB,PM-Late,3,OP,NT,2,70,8000.0,1,6,70,3600,1,5,0.5,0,5823.4,74.2,4.2,2.1,0.3103448275862069,0.3103448275862069,3.506,0.708,5823.4,74.2,5897.599999999999,6046.0,1.3,0.75575,6046.0,0.0,1.0,0.0,5124.592,65.296,5189.888,1.3644294458777622,4.093288337633286,0.12382615209443126,0.12353738105637836,75.60620024319176,226.81860072957525,64.02914291293239,69.98564094203564,1.569334134732709,1.7146374368334765,1.8741465923287068,-0.15950915549523037,0.1119026146300948,634.5585084139057,5188.841491586094,8.066496833457283,66.13350316654272,642.625005247363,5254.974994752637,15764.924984257912,658.7579989142776,5387.242001085722,2.7288588917555243,8.186576675266572,1.3986832197420775,1797.6576228523022,1731.6206280244091,66.03699482789305,5392.972868556906,5194.861884073227,198.11098448367915,1903.675525241717,24.199490500371848,1927.8750157420889,17692.8
368,2050,4NB,4,NB,Night,8,OP,NT,2,70,8000.0,1,6,70,3600,1,5,0.5,0,2768.6,59.4,5.15,2.575,0.3103448275862069,0.3103448275862069,3.635,0.708,2768.6,59.4,2828.0,2946.7999999999997,1.4,0.36834999999999996,2946.7999999999997,0.0,1.0,0.0,2436.368,52.272,2488.64,2.297584912611028,6.8927547378330845,0.009391948851325986,0.008915535087705427,203.01746756688374,609.0524027006511,69.83401389677412,69.99999999902309,1.147425336733764,1.7142857143096386,1.7183603419585656,-0.004074627648926965,0.0028522393709959487,22.88224363900739,2745.7177563609926,0.46603285010453804,58.93396714989546,23.348276489111925,2804.651723510888,22437.213788087105,24.280342189321,2922.519657810679,4.595169825222056,13.785509475666169,2.3893047486066856,111.57229577443391,105.14779550334609,6.424500271087821,892.5783661954713,841.1823640267687,51.396002168702566,183.0579491120591,3.7282628008363043,186.7862119128954,22624.0
369,2050,4NB,4,NB,AM-Early,1,OP,AM,2,70,10800.0,1,6,70,3600,1,5,0.5,0,12363.0,256.9,5.15,2.575,0.25,0.25,3.479,0.715,12363.0,256.9,12619.9,13133.7,1.4,1.2160833333333334,13133.7,0.0,1.0,0.0,10879.44,226.07199999999997,11105.512,5.1499999245370365,15.44999977361111,0.12180692323789465,0.11986322031012527,75.1936702597683,225.5810107793049,26.523378177739264,69.36857083828171,2.2245223504863625,1.729890043140068,4.524310560889053,-2.7944205177489856,1.9670173926223375,1325.1911129512805,11037.808887048719,27.097717941950634,229.80228205804934,1352.288830893231,11267.611169106769,11267.611169106769,1406.4842667771325,11727.215733222867,10.299999849074073,30.89999954722222,5.3563955438279125,14486.78773552952,13649.468263392491,837.31947213703,14486.78773552952,13649.468263392491,837.31947213703,1325.1911129512805,27.097717941950634,1352.288830893231,12619.9
370,2050,4NB,4,NB,AM-Peak,2,Peak,AM,2,70,8800.0,1,6,70,3600,1,5,0.5,0,9807.2,335.5,5.15,2.575,0.2903225806451613,0.2903225806451613,3.479,0.715,10297.560000000001,352.27500000000003,10649.835000000001,10813.7,1.4,1.2288295454545455,10813.7,0.0,1.0,0.0,9061.8528,310.002,9371.854800000001,5.149999991664187,15.449999974992561,0.14451140166022766,0.14310586914411152,69.549184222296,208.647552666888,28.47527037112399,69.28402810678726,3.320818095461944,1.7320009139053574,4.214182988818564,-2.4821820749132066,1.7499280921729952,1309.5410497666587,8988.018950233343,44.36310564641286,307.9118943535872,1353.9041554130715,9295.93084458693,18591.86168917386,1442.6303667058974,9911.754633294106,10.299999983328375,30.899999949985123,5.487498023257891,14859.09275301975,13488.272790764408,1370.8199622553423,29718.1855060395,26976.545581528815,2741.6399245106845,2619.0820995333174,88.72621129282572,2707.808310826143,21299.670000000002
371,2050,4NB,4,NB,AM-Shoulder,1,OP,AM,2,70,9600.0,1,6,70,3600,1,5,0.5,0,9224.3,439.1,5.15,2.575,0.2727272727272727,0.2727272727272727,3.479,0.715,9224.3,439.1,9663.4,10541.599999999999,1.4,1.098083333333333,10541.599999999999,0.0,1.0,0.0,8117.383999999999,386.408,8503.792,2.5749999985468994,7.724999995640698,0.15360290200828355,0.1530276512413606,67.43182454236914,202.29547362710744,40.3734506382436,69.32807116359862,1.7731202537688375,1.7309006003762466,2.9722502808895523,-1.2413496805133057,0.8805751966226867,1246.8537391156087,7977.4462608843905,59.131108660871675,379.96889133912833,1305.9848477764804,8357.415152223519,8357.415152223519,1424.2470650982236,9117.352934901775,5.149999997093799,15.449999991281397,2.808176677395904,7334.872381116704,6421.296752821777,913.5756282949267,7334.872381116704,6421.296752821777,913.5756282949267,1246.8537391156087,59.131108660871675,1305.9848477764804,9663.4
372,2050,4NB,4,NB,MD,5,OP,MD,2,70,8800.0,1,6,70,3600,1,5,0.5,0,8865.8,421.8,5.15,2.575,0.2903225806451613,0.2903225806451613,3.482,0.708,8865.8,421.8,9287.599999999999,10131.199999999999,1.4,1.1512727272727272,10131.199999999999,0.0,1.0,0.0,7801.9039999999995,371.184,8173.087999999999,2.5749999947543523,7.724999984263057,0.17585656855856993,0.17534917102077685,62.98915605135583,188.9674681540675,37.848977160689536,68.9221107160513,1.721019351179427,1.7410958363475244,3.170495189091494,-1.4293993527439695,1.0193466323640459,1372.016065663381,7493.783934336619,65.08680669617604,356.71319330382397,1437.1028723595568,7850.497127640442,39252.48563820221,1567.2764857519091,8563.92351424809,5.1499999895087045,15.449999968526114,2.8082449908151474,8071.473885179571,7065.882723772186,1005.5911614073851,40357.36942589786,35329.413618860934,5027.955807036926,6860.080328316904,325.4340334808802,7185.514361797785,46437.99999999999
373,2050,4NB,4,NB,PM-Shoulder,1,OP,PM,2,70,8800.0,1,6,70,3600,1,5,0.5,0,9705.6,247.3,5.15,2.575,0.2903225806451613,0.2903225806451613,3.632,0.592,9705.6,247.3,9952.9,10447.5,1.4,1.1872159090909091,10447.5,0.0,1.0,0.0,8540.928,217.62400000000002,8758.552,2.574999979874713,7.724999939624139,0.19410773625756284,0.19363639892969076,63.04897353771994,189.14692061315984,36.643640492467824,67.96716709798993,1.5642351732328639,1.7655583588910373,3.2747837929658283,-1.509225434074791,1.09234865507608,1657.8601996188336,8047.739800381167,42.13992768067502,205.160072319325,1700.0001272995087,8252.899872700491,8252.899872700491,1784.2799826608586,8663.220017339141,5.149999959749426,15.449999879248278,2.702659161997283,9189.041838885129,8537.979961307168,651.0618775779602,9189.041838885129,8537.979961307168,651.0618775779602,1657.8601996188336,42.13992768067502,1700.0001272995087,9952.9
374,2050,4NB,4,NB,PM-Peak,3,Peak,PM,2,70,8800.0,1,6,70,3600,1,5,0.5,0,8906.1,230.1,5.15,2.575,0.2903225806451613,0.2903225806451613,3.632,0.592,9351.405,241.60500000000002,9593.01,9596.4,1.4,1.0905,9596.4,0.0,1.0,0.0,8229.2364,212.6124,8441.8488,2.574999999009936,7.724999997029808,0.1775925389492183,0.17712622244988527,65.39866296563864,196.19598889691588,44.477210502381595,68.89768157813144,2.371231750658873,1.7417131788958304,2.698010928396115,-0.9562977495002847,0.6886076498772804,1461.450985889325,7889.954014110675,37.659231258003985,203.94576874199603,1499.110217147329,8093.899782852672,24281.699348558017,1574.4286796633369,8501.791320336664,5.149999998019872,15.449999994059617,2.704373435789795,8108.307697148615,7526.472574436164,581.8351227124513,24324.923091445846,22579.417723308492,1745.5053681373538,4384.352957667975,112.97769377401195,4497.330651441986,28779.03
375,2050,4NB,4,NB,PM-Late,3,OP,NT,2,70,8000.0,1,6,70,3600,1,5,0.5,0,4837.5,88.2,5.15,2.575,0.3103448275862069,0.3103448275862069,3.635,0.708,4837.5,88.2,4925.7,5102.1,1.4,0.6377625,5102.1,0.0,1.0,0.0,4257.0,77.616,4334.616,1.1800120593262076,3.5400361779786227,0.1258451165566462,0.12564031376974108,85.39517848019553,256.1855354405866,67.74563476845468,69.99333652238586,1.3126464465819254,1.7144489170282744,1.7713318416772328,-0.05688292464895839,0.03993228917406294,535.7226611816429,4301.777338818357,9.751698593552224,78.44830140644778,545.4743597751951,4380.225640224805,13140.676920674414,564.9777569622996,4537.1222430377,2.360024118652415,7.080072355957245,1.2222033071203238,1333.3611329331695,1264.3184012973334,69.04273163583625,4000.0833987995084,3792.955203892,207.12819490750874,1607.1679835449288,29.25509578065667,1636.4230793255854,14777.099999999999
376,2050,4SB,4,SB,Night,8,OP,NT,2,70,8000.0,1,6,70,3600,1,5,0.5,0,2670.9,80.5,5.15,2.575,0.3103448275862069,0.3103448275862069,3.635,0.708,2670.9,80.5,2751.4,2912.4,1.4,0.36405,2912.4,0.0,1.0,0.0,2350.3920000000003,70.84,2421.232,2.2994397755702467,6.89831932671074,0.008987302956770435,0.008538520141744796,205.40332721945606,616.2099816583682,69.84494110139707,69.99999999926483,1.1353950912498179,1.7142857143037185,1.7180915053789014,-0.0038057910751829738,0.002664053765231038,21.123684971169578,2649.7763150288306,0.6048687668412014,79.89513123315879,21.728553738010778,2729.6714462619893,21837.371570095915,22.93829127169318,2889.461708728307,4.598879551140493,13.79663865342148,2.4274611172798597,105.49043866749423,97.14528285864553,8.345155808848704,843.9235093399539,777.1622628691642,66.76124647078963,168.98947976935662,4.838950134729611,173.82842990408622,22011.2
377,2050,4SB,4,SB,AM-Early,1,OP,AM,2,70,8800.0,1,6,70,3600,1,5,0.5,0,6336.8,306.8,5.15,2.575,0.2903225806451613,0.2903225806451613,3.479,0.715,6336.8,306.8,6643.6,7257.200000000001,1.4,0.8246818181818183,7257.200000000001,0.0,1.0,0.0,5576.384,269.98400000000004,5846.368,1.6395101016376543,4.918530304912963,0.11602089610193915,0.11568833158153563,76.31989970092474,228.9596991027742,60.09142425123498,69.97420260815362,1.7112625862174164,1.7149177200629824,1.9969571614461075,-0.2820394413831251,0.1978700130122752,646.9770686885158,5689.822931311484,31.23399851370932,275.5660014862907,678.2110672022252,5965.388932797775,5965.388932797775,740.6790642296438,6516.520935770356,3.2790202032753086,9.837060609825926,1.7905204833732649,2428.701615752052,2121.4508792854804,307.2507364665715,2428.701615752052,2121.4508792854804,307.2507364665715,646.9770686885158,31.23399851370932,678.2110672022252,6643.6
378,2050,4SB,4,SB,AM-Peak,2,Peak,AM,2,70,9600.0,1,6,70,3600,1,5,0.5,0,7036.6,377.7,5.15,2.575,0.2727272727272727,0.2727272727272727,3.479,0.715,7388.43,396.585,7785.015,8169.700000000001,1.4,0.8510104166666668,8169.700000000001,0.0,1.0,0.0,6501.8184,348.9948,6850.8132000000005,2.5685635563806315,7.7056906691418945,0.10673779691274224,0.10615438952904648,79.13973300941537,237.41919902824614,58.14801169189796,69.96085490047211,2.7174740660620103,1.7152449061795298,2.063699110398304,-0.34845420421877416,0.2445893772788129,693.9897719427307,6694.440228057269,37.04732994281167,359.5376700571883,731.0371018855424,7053.977898114457,14107.955796228915,805.1317617711658,7773.053238228835,5.137127112761263,15.411381338283789,2.828901701481272,4136.064202739897,3565.1136734260076,570.95052931389,8272.128405479794,7130.227346852015,1141.90105862778,1387.9795438854615,74.09465988562334,1462.0742037710847,15570.03
379,2050,4SB,4,SB,AM-Shoulder,1,OP,AM,2,70,8800.0,1,6,70,3600,1,5,0.5,0,6298.5,421.8,5.15,2.575,0.2903225806451613,0.2903225806451613,3.479,0.715,6298.5,421.8,6720.3,7563.9,1.4,0.8595340909090908,7563.9,0.0,1.0,0.0,5542.68,371.184,5913.8640000000005,1.8054862882166853,5.416458864650056,0.1153651277585204,0.11502535040645129,76.51432155567817,229.5429646670345,57.74566441824419,69.96917954172963,1.789172543235054,1.7150408334920089,2.07807808965286,-0.36303725616085103,0.25465466275700177,639.4319863245959,5659.0680136754045,42.695569665268216,379.1044303347318,682.127555989864,6038.172444010136,6038.172444010136,767.5186953204005,6796.3813046796,3.6109725764333707,10.832917729300112,2.031503445627601,2771.488960701886,2308.9713671124337,462.51759358945213,2771.488960701886,2308.9713671124337,462.51759358945213,639.4319863245959,42.695569665268216,682.127555989864,6720.3
380,2050,4SB,4,SB,MD,5,OP,MD,2,70,8000.0,1,6,70,3600,1,5,0.5,0,8365.4,368.1,5.15,2.575,0.3103448275862069,0.3103448275862069,3.482,0.708,8365.4,368.1,8733.5,9469.7,1.4,1.1837125000000002,9469.7,0.0,1.0,0.0,7361.552,323.928,7685.4800000000005,2.574997066622627,7.7249911998678815,0.19160690883733178,0.19113747275065707,60.387004991224785,181.16101497367438,36.67321728219592,68.82040073346926,1.7304671883218115,1.7436690097859413,3.2721426941251073,-1.528473684339166,1.090499885887575,1410.5242229652774,6954.875777034722,61.914779273174844,306.18522072682515,1472.4390022384523,7261.060997761547,36305.30498880774,1596.268560784802,7873.431439215197,5.149994133245254,15.449982399735763,2.79154984030852,8220.773723125576,7264.1914730715,956.582250054076,41103.86861562788,36320.9573653575,4782.91125027038,7052.621114826387,309.57389636587425,7362.1950111922615,43667.5
381,2050,4SB,4,SB,PM-Shoulder,1,OP,PM,2,70,6400.0,1,6,70,3600,1,5,0.5,0,6858.3,205.2,5.15,2.575,0.36,0.36,3.632,0.592,6858.3,205.2,7063.5,7473.9,1.4,1.1677968749999998,7473.9,0.0,1.0,0.0,6035.304,180.576,6215.88,2.5749991635915053,7.724997490774516,0.19981413605986534,0.19943335400127837,62.27241495002361,186.81724485007084,38.99703799930176,69.54947251775914,1.9119809908124248,1.7253905120467814,3.077156783090772,-1.3517662710439904,0.9540097481635406,1205.9390546186496,5652.360945381351,36.01287733213484,169.18712266786514,1241.9519319507845,5821.5480680492155,5821.5480680492155,1313.9776866150542,6159.922313384946,5.1499983271830105,15.449994981549033,2.7243336533138427,6766.982888023331,6210.584113970706,556.3987740526242,6766.982888023331,6210.584113970706,556.3987740526242,1205.9390546186496,36.01287733213484,1241.9519319507845,7063.5
382,2050,4SB,4,SB,PM-Peak,3,Peak,PM,2,70,8000.0,1,6,70,3600,1,5,0.5,0,6708.8,166.8,5.15,2.575,0.3103448275862069,0.3103448275862069,3.632,0.592,7044.240000000001,175.14000000000001,7219.380000000001,7209.2,1.4,0.90115,7209.2,0.0,1.0,0.0,6198.931200000001,154.12320000000003,6353.054400000001,2.574964314095146,7.724892942285438,0.12726076148100499,0.12673260156252822,74.30433686485281,222.91301059455847,55.871435801963344,69.94942756738878,2.7990234577790423,1.7155251182633746,2.1477880114865986,-0.432262893223224,0.3034516080406191,788.8807048803601,6255.359295119641,19.532434097141852,155.60756590285817,808.413138977502,6410.966861022499,19232.900583067498,847.4780071717856,6722.181992828215,5.149928628190292,15.449785884570876,2.6993940600816355,4364.451250895637,4062.6793262903034,301.7719246053331,13093.353752686911,12188.03797887091,905.3157738159993,2366.6421146410803,58.59730229142556,2425.2394169325057,21658.140000000003
383,2050,4SB,4,SB,PM-Late,3,OP,NT,2,70,8000.0,1,6,70,3600,1,5,0.5,0,7525.6,95.9,5.15,2.575,0.3103448275862069,0.3103448275862069,3.635,0.708,7525.6,95.9,7621.5,7813.3,1.4,0.9766625,7813.3,0.0,1.0,0.0,6622.528,84.39200000000001,6706.92,2.5749795334544956,7.724938600363487,0.13292138269555637,0.1322776896536152,83.51216027345922,250.53648082037765,49.59232808964688,69.92632823236782,1.9475782961503265,1.716091821684609,2.4197291117908164,-0.7036372901062073,0.4938103782535715,880.2755787000375,6645.3244212999625,11.163178785247895,84.73682121475211,891.4387574852854,6730.061242514715,20190.183727544143,913.7651150557812,6899.534884944219,5.149959066908991,15.449877200726974,2.639470687017069,4705.852939306657,4533.383197904817,172.46974140184048,14117.558817919973,13600.149593714452,517.4092242055215,2640.8267361001126,33.48953635574369,2674.3162724558565,22864.5
