,index,Period,Hours/Day,Peak,4Periods,Segment,Direction,SegDir,Length,Speed GP,Capacity GP,Alpha GP,Beta GP,Speed ML,Capacity ML,Alpha ML,Beta ML,Year,MinToll,MinCapture,MaxToll,Soft Cap,MaxCapture,MaxCap_aux,B1,B2,TotalLights,TotalHeavies,TotalVeh,TotalVeh_Real,Corridor PCE pre-fix,Suppressed ratio ref,Suppressed ratio,Corridor PCE,Suppressed Demand,PCE ratio,HOV3,InScopeLights,InScopeHeavies,InScopeVeh,TollLights,TollHeavies,CaptureRateLights,CaptureRateHeavies,VOT Lights,VOT Heavies,Speed GP real,Speed ML real,Bounus Seg,Time ML,Time GP,Time Savings,BonusRel,MLVeh_Lights,GPVeh_Lights,MLVeh_Heavies,GPVeh_Heavies,MLVeh,GPVeh,GPVehDay,ML PCE,Traffic per Lane,GP PCE,TollLightsPerSeg,TollHeaviesPerSeg,TollBlend,RevenuePerHour,RevenueShareHour,RevenuePerDay,RevenueShareDay,TransactionsDay_Lights,TransactionsDay_Heavies,TransactionsDay,TotalVeh_hours
0,256,Night,8,OP,NT,1,NB,1NB,3.9,70,8000,1,6,70,3600,1,6,2050,0.5,0,5.15,2.575,0.310344828,0.310344828,3.635,0.708,2288.5,396.3,2684.8,2684.8,3477.4,1.1,0.434675,3477.4,0,1,274.62,1651.3816,324.966,2201.536,0.62590956,1.877483666,0.123128612,0.123130772,90.60114953,271.7679825,69.75157318,69.99807004,1.353934166,3.342949311,3.354763045,-0.011813734,0.008334131,203.3323247,1810.547675,40.01331456,356.2866854,243.3456393,2166.834361,17334.67489,597.9922684,298.9961342,2879.407732,2.441047285,7.322186299,0.831705845,789.3287628,789.3287628,6314.630103,6314.630103,1626.658598,320.1065164,2221.385114,21478.4
1,257,AM-Early,1,OP,AM,1,NB,1NB,3.9,70,6000,1,6,70,3600,1,6,2050,0.5,0,5.15,2.575,0.375,0.375,3.479,0.715,7981.6,645.8,8627.4,8627.4,9919,1.1,1.653166667,9919,0,1,957.792,5759.52256,529.556,7074.468,5.149999962,15.44999971,0.322084831,0.321243228,61.61631276,184.8489361,16.4887878,35.69762062,1.393986289,6.555058739,14.19146166,-7.636402924,7.594023164,1855.054851,5168.753149,170.1162789,475.6837211,2025.17113,5644.43687,5644.43687,3323.195688,1661.597844,6595.804312,20.08499985,60.25499885,6.015209624,47509.1326,33940.62218,47509.1326,33940.62218,1855.054851,170.1162789,2982.96313,8627.4
2,258,AM-Peak,2,Peak,AM,1,NB,1NB,3.9,70,5600,1,6,70,3600,1,6,2050,0.5,0,5.15,2.575,0.391304348,0.391304348,3.479,0.715,8151.7,668.2,8819.9,8819.9,10156.3,1.1,1.813625,10156.3,0,1,978.204,5882.26672,547.924,7232.318,5.149999791,15.44999955,0.316628197,0.316628194,30.87299403,92.61898318,10.20283335,34.55947675,3.300762638,6.770935848,22.93480566,-16.16386982,13.71436396,1862.491508,5311.004492,173.4881868,494.7118132,2035.979695,5805.716305,11611.43261,3361.160068,1680.580034,6795.139932,20.08499918,60.25499826,6.027674695,47861.67081,34076.57074,95723.34162,68153.14147,3724.983016,346.9763737,5050.163389,17639.8
3,259,AM-Shoulder,1,OP,AM,1,NB,1NB,3.9,70,8000,1,6,70,3600,1,6,2050,0.5,0,5.15,2.575,0.310344828,0.310344828,3.479,0.715,7421.5,1092.8,8514.3,8514.3,10699.9,1.1,1.3374875,10699.9,0,1,890.58,5355.3544,896.096,6981.726,3.303218688,9.884851598,0.223115911,0.223231701,61.19206569,183.1166948,25.90065776,56.20682975,1.881364544,4.163195132,9.034519593,-4.871324461,3.984163715,1194.864777,5336.055223,200.037034,892.762966,1394.901811,6228.818189,6228.818189,2685.555879,1342.77794,8014.344121,12.88255288,38.55092123,4.247063133,23104.52062,23104.52062,23104.52062,23104.52062,1194.864777,200.037034,2285.481811,8514.3
4,260,MD,5,OP,MD,1,NB,1NB,3.9,70,8000,1,6,70,3600,1,6,2050,0.5,0,5.15,2.575,0.310344828,0.310344828,3.482,0.708,9502.9,869,10371.9,10371.9,12109.9,1.1,1.5137375,12109.9,0,1,1140.348,6857.29264,712.58,8504.958,3.480284287,10.39075299,0.186812205,0.187031476,65.13050463,194.4539383,25.25652511,52.54661435,1.671134422,4.453188904,9.264932486,-4.811743581,4.14545274,1281.025962,7081.526038,133.2748891,735.7251109,1414.300851,7817.251149,39086.25575,2821.198629,1410.599314,9288.701371,13.57310872,40.52393668,4.131483747,22788.32782,22788.32782,113941.6391,113941.6391,6405.129808,666.3744455,8211.852254,51859.5
5,261,PM-Shoulder,1,OP,PM,1,NB,1NB,3.9,70,9600,1,6,70,3600,1,6,2050,0.5,0,5.15,2.575,0.272727273,0.272727273,3.632,0.592,13331.2,813.4,14144.6,14144.6,15771.4,1.1,1.642854167,15771.4,0,1,1599.744,9619.79392,666.988,11598.572,1.775554431,5.307590587,0.085303842,0.085379553,92.76098086,277.2865198,43.93418875,59.36204063,1.034641348,3.941913005,5.326148193,-1.384235187,1.388303735,820.6053836,10910.85062,56.94713734,756.4528627,877.5525209,11667.30348,11667.30348,2591.190796,1295.595398,13180.2092,6.92466228,20.69960329,2.004759342,6861.198298,6861.198298,6861.198298,6861.198298,820.6053836,56.94713734,2477.296521,14144.6
6,262,PM-Peak,3,Peak,PM,1,NB,1NB,3.9,70,8000,1,6,70,3600,1,6,2050,0.5,0,5.15,2.575,0.310344828,0.310344828,3.632,0.592,10498.2,662.9,11161.1,11161.1,12486.9,1.1,1.5608625,12486.9,0,1,1259.784,7575.50112,543.578,9152.102,4.043795396,12.07569818,0.174784679,0.174870283,71.19064239,212.591545,25.25652511,51.11295946,2.465696411,4.578095311,9.264932486,-4.686837175,4.14545274,1324.08153,7914.33447,95.05563855,567.8443615,1419.137168,8482.178832,25446.5365,2869.032445,1434.516223,9617.867555,15.77080204,47.09522291,4.581782607,25358.49418,25358.49418,76075.48254,76075.48254,3972.244589,285.1669156,5517.195505,33483.3
7,263,PM-Late,3,OP,NT,1,NB,1NB,3.9,70,8000,1,6,70,3600,1,6,2050,0.5,0,5.15,2.575,0.310344828,0.310344828,3.635,0.708,6802.3,511.5,7313.8,7313.8,8336.8,1.1,1.0421,8336.8,0,1,816.276,4908.53968,419.43,5997.316,3.312070395,9.894353315,0.117525009,0.11768815,94.08171989,281.0561571,41.24555838,69.42372886,3.068043262,3.370605466,5.673338153,-2.302732686,1.631336707,576.87617,5409.14783,49.36194082,462.1380592,626.2381109,5871.285889,17613.85767,1541.237992,770.6189962,6795.562008,12.91707454,38.58797793,3.83090541,9356.329971,9356.329971,28068.98991,28068.98991,1730.62851,148.0858225,2694.990333,21941.4
8,264,Night,8,OP,NT,1,SB,1SB,3.9,70,9600,1,6,70,3600,1,6,2050,0.5,0,5.15,2.575,0.272727273,0.272727273,3.635,0.708,2940.5,519.5,3460,3460,4499,1.1,0.468645833,4499,0,1,352.86,2121.8648,425.99,2837.2,0.687311759,2.061525088,0.106009433,0.106014419,96.59553813,289.7289659,69.57289417,69.99454837,1.380618031,3.343117506,3.363378838,-0.020261332,0.014365187,224.9376845,2362.702316,45.16108252,474.3389175,270.098767,2837.041233,22696.32986,713.280932,356.640466,3785.719068,2.680515861,8.039947844,0.917083121,966.041779,966.041779,7728.334232,7728.334232,1799.501476,361.2886602,2513.650136,27680
9,265,AM-Early,1,OP,AM,1,SB,1SB,3.9,70,10400,1,6,70,3600,1,6,2050,0.5,0,5.15,2.575,0.257142857,0.257142857,3.479,0.715,12872.8,1041.6,13914.4,13914.4,15997.6,1.1,1.538230769,15997.6,0,1,1544.736,9289.01248,854.112,11409.808,2.574999876,7.72495599,0.165602275,0.165602274,-163.7362478,-491.2059686,51.20607514,31.64891478,-1.162994028,7.393618443,4.569770274,2.82384817,0.858839192,1538.281598,9789.782402,141.4428898,900.1571102,1679.724487,10689.93951,10689.93951,3507.346267,1753.673134,12490.25373,10.04249952,30.12732836,3.00865711,19709.48859,19709.48859,19709.48859,19709.48859,1538.281598,141.4428898,3224.460487,13914.4
10,266,AM-Peak,2,Peak,AM,1,SB,1SB,3.9,70,10400,1,6,70,3600,1,6,2050,0.5,0,5.15,2.575,0.257142857,0.257142857,3.479,0.715,11825.1,972.1,12797.2,12797.2,14741.4,1.1,1.417442308,14741.4,0,1,1419.012,8532.99216,797.122,10493.704,2.574996808,7.724964291,0.188242838,0.188242838,-143.257007,-429.7695673,51.20607514,32.28529063,-1.755887751,7.247882717,4.569770274,2.678112444,0.858839192,1606.274657,8799.813343,150.0525071,822.0474929,1756.327164,9621.860836,19243.72167,3475.444178,1737.722089,11265.95582,10.04248755,30.12736074,3.01498632,20651.67925,20651.67925,41303.35851,41303.35851,3212.549313,300.1050143,4931.666328,25594.4
11,267,AM-Shoulder,1,OP,AM,1,SB,1SB,3.9,70,10400,1,6,70,3600,1,6,2050,0.5,0,5.15,2.575,0.257142857,0.257142857,3.479,0.715,10410,1532.9,11942.9,11942.9,15008.7,1.1,1.443144231,15008.7,0,1,1249.2,7511.856,1256.978,9793.178,2.574999876,7.724962303,0.196204531,0.196204531,-189.679226,-569.0349284,51.20607514,33.15386967,-1.070786789,7.057999635,4.569770274,2.488229361,0.858839192,1473.860183,7686.939817,246.6247793,1286.275221,1720.484963,8973.215037,8973.215037,3462.934521,1731.467261,11545.76548,10.04249952,30.12735298,3.313226815,22231.39196,22231.39196,22231.39196,22231.39196,1473.860183,246.6247793,2969.684963,11942.9
12,268,MD,5,OP,MD,1,SB,1SB,3.9,70,8000,1,6,70,3600,1,6,2050,0.5,0,5.15,2.575,0.310344828,0.310344828,3.482,0.708,10662.6,1002.3,11664.9,11664.9,13669.5,1.1,1.7086875,13669.5,0,1,1279.512,7694.13216,821.886,9565.218,3.67520724,10.95968735,0.159119904,0.159389778,70.6212844,210.5968853,25.25652511,50.72714466,1.553498567,4.612914872,9.264932486,-4.652017614,4.14545274,1224.289569,8158.798431,131.0002267,871.2997733,1355.289796,9030.098204,45150.49102,2896.802249,1448.401125,10772.69775,14.33330824,42.74278068,4.379313881,23147.43372,23147.43372,115737.1686,115737.1686,6121.447846,655.0011334,8055.96098,58324.5
13,269,PM-Shoulder,1,OP,PM,1,SB,1SB,3.9,70,8000,1,6,70,3600,1,6,2050,0.5,0,5.15,2.575,0.310344828,0.310344828,3.632,0.592,11807,720.4,12527.4,12527.4,13968.2,1.1,1.746025,13968.2,0,1,1416.84,8519.9312,590.728,10272.468,3.674000312,10.96713122,0.155342173,0.155453682,74.92135098,223.6451328,25.25652511,46.98390687,1.323720568,4.980428738,9.264932486,-4.284503748,4.14545274,1323.504625,9066.655375,91.83084294,628.5691571,1415.335468,9695.224532,9695.224532,3015.837153,1507.918577,10952.36285,14.32860122,42.77181177,4.147198628,22891.7415,14262.25891,22891.7415,14262.25891,1323.504625,91.83084294,2832.175468,12527.4
14,270,PM-Peak,3,Peak,PM,1,SB,1SB,3.9,70,8000,1,6,70,3600,1,6,2050,0.5,0,5.15,2.575,0.310344828,0.310344828,3.632,0.592,10702.8,669.1,11371.9,11371.9,12710.1,1.1,1.5887625,12710.1,0,1,1284.336,7723.14048,548.662,9324.958,4.066301577,12.14058069,0.170458116,0.170556585,71.96401998,214.859861,25.25652511,50.80067158,2.434627466,4.606238318,9.264932486,-4.658694168,4.14545274,1316.471972,8101.992028,93.57791682,575.5220832,1410.049889,8677.514111,26032.54233,2881.541723,1440.770861,9828.558277,15.85857615,47.34826471,4.602150858,25308.123,25308.123,75924.36899,75924.36899,3949.415917,280.7337505,5514.485667,34115.7
15,271,PM-Late,3,OP,NT,1,SB,1SB,3.9,70,8000,1,6,70,3600,1,6,2050,0.5,0,5.15,2.575,0.310344828,0.310344828,3.635,0.708,5770.6,434.6,6205.2,6205.2,7074.4,1.1,0.8843,7074.4,0,1,692.472,4164.06496,356.372,5088.264,1.905146784,5.703815969,0.118503319,0.118582962,93.54872879,280.0753924,55.60254536,69.77860187,2.589770588,3.353463579,4.208440432,-0.854976852,0.605908302,493.4555197,4584.67248,42.25964744,392.3403526,535.7151672,4977.012833,14931.0385,1312.706462,656.353231,5761.693538,7.430072459,22.24488228,2.204803076,4606.471149,4606.471149,13819.41345,13819.41345,1480.366559,126.7789423,2299.617501,18615.6
16,272,Night,8,OP,NT,2,NB,2NB,3.1,70,9000,1,6,70,3600,1,6,2050,0.5,0,5.15,2.575,0.285714286,0.285714286,3.635,0.708,2226.5,385.9,2612.4,2612.4,3384.2,1.1,0.376022222,3384.2,0,1,267.18,1802.5744,355.028,2403.408,0.559706269,1.678921734,0.100986286,0.100989678,98.59137716,295.7394177,69.88994684,69.99875541,0.890472807,2.657190101,2.661326963,-0.004136862,0.002928874,182.0352945,1777.284705,35.85416348,350.0458365,217.889458,2127.330542,17018.64434,556.777785,278.3888925,2827.422215,1.735089432,5.204657376,0.743875501,502.4561523,502.4561523,4019.649218,4019.649218,1456.282356,286.8333078,2010.295664,20899.2
17,273,AM-Early,1,OP,AM,2,NB,2NB,3.1,70,7200,1,6,70,3600,1,6,2050,0.5,0,5.15,2.575,0.333333333,0.333333333,3.479,0.715,9746.9,773.6,10520.5,10520.5,12067.7,1.1,1.676069444,12067.7,0,1,1169.628,7891.09024,711.712,9678.86,5.149999756,15.44999888,0.250615027,0.250615021,47.66850588,143.005514,12.49945488,25.45206557,0.951525319,7.307854818,14.88064894,-7.572794121,8.556454257,1977.625792,6599.646208,178.3657176,595.2342824,2155.99151,7194.88049,7194.88049,3682.350945,1841.175473,8385.349055,15.96499924,47.89499652,6.002121263,40115.6197,27819.80198,40115.6197,27819.80198,1977.625792,178.3657176,3325.61951,10520.5
18,274,AM-Peak,2,Peak,AM,2,NB,2NB,3.1,70,6300,1,6,70,3600,1,6,2050,0.5,0,5.15,2.575,0.363636364,0.363636364,3.479,0.715,8953.6,722,9675.6,9675.6,11119.6,1.1,1.765015873,11119.6,0,1,1074.432,7248.83456,664.24,8901.552,5.149999841,15.4499992,0.280544529,0.280544527,41.05371441,123.1611407,11.58650975,25.63982118,1.656901241,7.254340765,16.05315182,-8.798811055,9.377206273,2033.620877,5845.547123,186.3488963,535.6511037,2219.969774,6381.198226,12762.39645,3667.099566,1833.549783,7452.500434,15.96499951,47.89499753,6.014603285,41391.93623,28738.22441,82783.87246,57476.44882,4067.241755,372.6977926,5514.371548,19351.2
19,275,AM-Shoulder,1,OP,AM,2,NB,2NB,3.1,70,9000,1,6,70,3600,1,6,2050,0.5,0,5.15,2.575,0.285714286,0.285714286,3.479,0.715,7882.2,1138.6,9020.8,9020.8,11298,1.1,1.255333333,11298,0,1,945.864,6381.42912,1047.512,8299.136,4.379709415,13.14686998,0.147183507,0.14598366,76.07393,228.3562611,26.53104673,63.35914023,1.979627341,2.935645896,7.010654418,-4.075008522,3.047458093,939.2411173,5997.094883,152.9196361,985.6803639,1092.160753,6982.775247,6982.775247,2343.864026,1171.932013,8954.135974,13.57709919,40.75529694,5.607249408,18984.45499,18984.45499,18984.45499,18984.45499,939.2411173,152.9196361,2038.024753,9020.8
20,276,MD,5,OP,MD,2,NB,2NB,3.1,70,10350,1,6,70,3600,1,6,2050,0.5,0,5.15,2.575,0.258064516,0.258064516,3.482,0.708,8073.4,744.4,8817.8,8817.8,10306.6,1.1,0.995806763,10306.6,0,1,968.808,6536.22464,684.848,8112.376,2.564582454,7.666150372,0.091689314,0.09180953,89.35255682,267.0961644,44.45641673,68.77996695,1.989452069,2.704275798,4.183872964,-1.479597166,1.068711075,599.3019527,6505.290047,62.87557297,681.524427,662.1775257,7186.814474,35934.07237,1756.736672,878.3683358,8549.863328,7.950205606,23.76506615,3.048990325,6258.815895,6258.815895,31294.07948,31294.07948,2996.509764,314.3778648,4279.695629,44089
21,277,PM-Shoulder,1,OP,PM,2,NB,2NB,3.1,70,10350,1,6,70,3600,1,6,2050,0.5,0,5.15,2.575,0.258064516,0.258064516,3.632,0.592,8939.9,535.1,9475,9475,10545.2,1.1,1.018859903,10545.2,0,1,1072.788,7237.74304,492.292,8717,2.595146675,7.762559023,0.096799017,0.096864931,88.47080684,264.6323873,42.7046659,67.92986097,1.831380602,2.738118367,4.355495965,-1.617377598,1.188847175,700.6064103,7166.50559,47.68583038,487.4141696,748.2922406,7653.919759,7653.919759,1916.451901,958.2259507,8628.748099,8.044954692,24.06393297,2.924446292,6783.855453,6783.855453,6783.855453,6783.855453,700.6064103,47.68583038,1821.080241,9475
22,278,PM-Peak,3,Peak,PM,2,NB,2NB,3.1,70,10350,1,6,70,3600,1,6,2050,0.5,0,5.15,2.575,0.258064516,0.258064516,3.632,0.592,8103.9,496.9,8600.8,8600.8,9594.6,1.1,0.927014493,9594.6,0,1,972.468,6560.91744,457.148,7912.736,5.149995877,15.4499418,0.258064515,0.258064514,-340.0273593,-1020.079052,62.23298015,45.402351,-1.518758491,4.096704155,2.98876897,1.107935185,0.232138279,1693.13998,5438.29202,117.9736765,378.9263235,1811.113656,5817.218344,17451.65503,3019.529009,1509.764505,6575.070991,15.96498722,47.89481958,5.820921461,32681.28609,20346.54064,98043.85826,61039.62192,5079.419939,353.9210296,6405.808969,25802.4
23,279,PM-Late,3,OP,NT,2,NB,2NB,3.1,70,9000,1,6,70,3600,1,6,2050,0.5,0,5.15,2.575,0.285714286,0.285714286,3.635,0.708,4369.3,322.8,4692.1,4692.1,5337.7,1.1,0.593077778,5337.7,0,1,524.316,3537.38528,296.976,4316.732,0.90180673,2.7035188,0.097654528,0.097677058,101.4967758,304.2763293,68.31016331,69.96710069,1.294236439,2.658392275,2.722874474,-0.064482199,0.046012132,345.4416908,3499.542309,29.00774199,293.792258,374.4494328,3793.334567,11380.0037,956.7809168,478.3904584,4380.919083,2.795600864,8.380908281,1.041381248,1208.828314,1208.828314,3626.484943,3626.484943,1036.325072,87.02322596,1647.664298,14076.3
24,280,Night,8,OP,NT,2,SB,2SB,3.1,70,9000,1,6,70,3600,1,6,2050,0.5,0,5.15,2.575,0.285714286,0.285714286,3.635,0.708,2455.6,389.4,2845,2845,3623.8,1.1,0.402644444,3623.8,0,1,294.672,1988.05376,358.248,2617.4,0.597741432,1.79294562,0.100558294,0.100562741,98.94275312,296.7821306,69.83379931,69.99799084,0.944452969,2.657219125,2.663466714,-0.006247589,0.0044267,199.915294,1961.012706,36.02640081,353.3735992,235.9416948,2314.386305,18515.09044,602.6664964,301.3332482,3021.133504,1.85299844,5.558131422,0.780239507,570.6821983,570.6821983,4565.457586,4565.457586,1599.322352,288.2112065,2182.205558,22760
25,281,AM-Early,1,OP,AM,2,SB,2SB,3.1,70,9000,1,6,70,3600,1,6,2050,0.5,0,5.15,2.575,0.285714286,0.285714286,3.479,0.715,6666.1,529.1,7195.2,7195.2,8253.4,1.1,0.917044444,8253.4,0,1,799.932,5396.87456,486.772,6619.584,1.925528459,5.763163186,0.098983302,0.099067774,87.12274786,260.7609411,52.42073953,69.55406951,1.996434816,2.674178539,3.548213964,-0.874035425,0.623749775,534.2004625,5331.967538,48.22341859,480.8765814,582.4238811,5812.844119,5812.844119,1478.802718,739.4013591,6774.597282,5.969138223,17.86580588,2.243276189,4050.266635,4050.266635,4050.266635,4050.266635,534.2004625,48.22341859,1382.355881,7195.2
26,282,AM-Peak,2,Peak,AM,2,SB,2SB,3.1,70,9000,1,6,70,3600,1,6,2050,0.5,0,5.15,2.575,0.285714286,0.285714286,3.479,0.715,7659.5,616.1,8275.6,8275.6,9507.8,1.1,1.056422222,9507.8,0,1,919.14,6201.1312,566.812,7613.552,3.919957333,11.69542549,0.099073936,0.099274992,87.36295958,260.652578,39.25494046,68.97130494,3.595649853,2.696773682,4.738257091,-2.041483409,1.456779964,614.3704726,6125.989527,56.27025688,559.8297431,670.6407294,6685.819271,13371.63854,1702.321243,851.1606216,7805.478757,12.15186773,36.25581903,4.572359688,9505.872972,9505.872972,19011.74594,19011.74594,1228.740945,112.5405138,2260.421459,16551.2
27,283,AM-Shoulder,1,OP,AM,2,SB,2SB,3.1,70,9000,1,6,70,3600,1,6,2050,0.5,0,5.15,2.575,0.285714286,0.285714286,3.479,0.715,6746.9,974.5,7721.4,7721.4,9670.4,1.1,1.074488889,9670.4,0,1,809.628,5462.29024,896.54,7103.688,3.429753445,10.25925809,0.100905898,0.101011596,85.72875119,256.4363295,37.68445014,69.21158496,2.481795372,2.687411365,4.935722807,-2.248311442,1.595005965,551.1772993,5386.094701,90.56093604,883.939064,641.7382354,6270.033765,6270.033765,1632.488107,816.2440537,8037.911893,10.63223568,31.80370009,4.393520756,8740.419798,8740.419798,8740.419798,8740.419798,551.1772993,90.56093604,1451.366235,7721.4
28,284,MD,5,OP,MD,2,SB,2SB,3.1,70,9000,1,6,70,3600,1,6,2050,0.5,0,5.15,2.575,0.285714286,0.285714286,3.482,0.708,9003.1,814.5,9817.6,9817.6,11446.6,1.1,1.271844444,11446.6,0,1,1080.372,7288.90976,749.34,9032.192,4.366887558,8.962098147,0.128297487,0.271995452,81.59850236,167.4633883,26.52540191,58.30186055,1.590643848,3.190292698,7.012146343,-3.821853644,3.04850244,935.1488016,6987.579198,203.8170721,610.6829279,1138.965874,7598.262126,37991.31063,2626.972018,1313.486009,8819.627982,13.53735143,27.78250426,5.189196979,18321.98664,18321.98664,91609.9332,91609.9332,4675.744008,1019.08536,6775.201369,49088
29,285,PM-Shoulder,1,OP,PM,2,SB,2SB,3.1,70,9000,1,6,70,3600,1,6,2050,0.5,0,5.15,2.575,0.285714286,0.285714286,3.632,0.592,10307.2,616.9,10924.1,10924.1,12157.9,1.1,1.350877778,12157.9,0,1,1236.864,8344.70912,567.548,10050.172,3.626522446,10.83954772,0.170349227,0.17041995,72.08760678,215.467315,25.25652511,48.53272213,1.126490161,3.832465846,7.364433514,-3.531967668,3.29510346,1421.514748,7648.821252,96.72150176,520.1784982,1518.23625,8168.99975,8168.99975,2948.543253,1474.271627,9209.356747,11.24221958,33.60259795,4.086038965,19231.07467,19231.07467,19231.07467,19231.07467,1421.514748,96.72150176,2755.10025,10924.1
30,286,PM-Peak,3,Peak,PM,2,SB,2SB,3.1,70,9000,1,6,70,3600,1,6,2050,0.5,0,5.15,2.575,0.285714286,0.285714286,3.632,0.592,9294.1,579.7,9873.8,9873.8,11033.2,1.1,1.225911111,11033.2,0,1,1115.292,7524.50336,533.324,9083.896,5.149999973,15.44999831,0.130985139,0.129599228,81.86515401,245.5954365,27.20495063,63.77685115,3.099340825,2.916418679,6.836990903,-3.920572224,2.925893632,985.5981185,7193.209881,69.11837873,510.5816213,1054.716497,7703.791503,23111.37451,2308.245255,1154.122627,8724.954745,15.96499992,47.89499477,5.824986273,19045.49827,19045.49827,57136.4948,57136.4948,2956.794356,207.3551362,4279.441492,29621.4
31,287,PM-Late,3,OP,NT,2,SB,2SB,3.1,70,9000,1,6,70,3600,1,6,2050,0.5,0,5.15,2.575,0.285714286,0.285714286,3.635,0.708,7129.6,526.8,7656.4,7656.4,8710,1.1,0.967777778,8710,0,1,855.552,5772.12416,484.656,7043.888,2.645953077,7.910797186,0.099506308,0.099625823,100.9478236,301.8110056,47.88752862,69.34985667,2.083055598,2.682053128,3.884101046,-1.202047918,0.858870732,574.3627661,5699.685234,48.28425288,478.5157471,622.647019,6178.200981,18534.60294,1574.767525,787.3837624,7135.232475,8.202454539,24.52347128,3.054224628,5895.281966,5895.281966,17685.8459,17685.8459,1723.088298,144.8527586,2723.493057,22969.2
32,288,Night,8,OP,NT,3,NB,3NB,3.7,70,8000,1,6,70,3600,1,6,2050,0.5,0,5.15,2.575,0.310344828,0.310344828,3.635,0.708,2478.9,429.5,2908.4,2908.4,3767.4,1.1,0.470925,3767.4,0,1,297.468,1919.66016,377.96,2559.392,0.698148784,2.094090756,0.115674815,0.115678841,93.10297824,279.2615135,69.60136,69.99679348,1.384265598,3.171573853,3.189592847,-0.018018994,0.012714993,222.0563333,1959.375667,43.72197463,385.7780254,265.778308,2345.153692,18761.22954,650.6902572,325.3451286,3116.709743,2.583150501,7.748135798,0.927788817,912.3687255,912.3687255,7298.949804,7298.949804,1776.450667,349.775797,2423.694464,23267.2
33,289,AM-Early,1,OP,AM,3,NB,3NB,3.7,70,8000,1,6,70,3600,1,6,2050,0.5,0,5.15,2.575,0.310344828,0.310344828,3.479,0.715,10849.7,861.2,11710.9,11710.9,13433.3,1.1,1.6791625,13433.3,0,1,1301.964,8402.00768,757.856,10305.592,3.777062719,11.2499372,0.150379109,0.150706168,73.07814075,217.6623889,25.25652511,50.27011151,1.446478414,4.416142979,8.789807743,-4.373664764,3.93286542,1263.486425,8284.249575,114.2135734,746.9864266,1377.699998,9031.236002,9031.236002,2908.091145,1454.045573,10525.20885,13.97513206,41.62476765,4.396576183,22411.5031,22411.5031,22411.5031,22411.5031,1263.486425,114.2135734,2679.663998,11710.9
34,290,AM-Peak,2,Peak,AM,3,NB,3NB,3.7,70,7200,1,6,70,3600,1,6,2050,0.5,0,5.15,2.575,0.333333333,0.333333333,3.479,0.715,9965.9,803.7,10769.6,10769.6,12377,1.1,1.719027778,12377,0,1,1195.908,7717.59296,707.256,9477.248,5.149999634,15.44999639,0.233341574,0.231348107,61.73352246,185.2005372,16.15320786,31.20077359,1.713360161,7.115208196,13.74340019,-6.628191999,7.400380136,1800.83529,6969.15671,163.6223367,640.0776633,1964.457626,7609.234374,15218.46875,3487.610299,1743.80515,8889.389701,19.05499865,57.16498664,6.007900316,43668.38269,30755.40673,87336.76539,61510.81347,3601.670579,327.2446733,5124.823252,21539.2
35,291,AM-Shoulder,1,OP,AM,3,NB,3NB,3.7,70,8800,1,6,70,3600,1,6,2050,0.5,0,5.15,2.575,0.290322581,0.290322581,3.479,0.715,8773.2,1267.4,10040.6,10040.6,12575.4,1.1,1.429022727,12575.4,0,1,1052.784,6793.96608,1115.312,8835.728,2.508670804,7.505748155,0.144276496,0.144393165,73.39688829,219.5977878,35,60.3958352,1.562569435,3.675750145,6.342857143,-2.667106998,2.22,980.2096206,6740.206379,161.0434294,1106.356571,1141.25305,7846.56295,7846.56295,2516.123909,1258.061954,10059.27609,9.282081973,27.77126817,3.213813693,13570.76632,13570.76632,13570.76632,13570.76632,980.2096206,161.0434294,2194.03705,10040.6
36,292,MD,5,OP,MD,3,NB,3NB,3.7,70,8800,1,6,70,3600,1,6,2050,0.5,0,5.15,2.575,0.290322581,0.290322581,3.482,0.708,8986.9,828.6,9815.5,9815.5,11472.7,1.1,1.303715909,11472.7,0,1,1078.428,6959.45536,729.168,8637.64,2.399545504,7.174573766,0.157265249,0.15740922,70.71771993,211.4439994,35,60.07917375,1.535106779,3.695124053,6.342857143,-2.64773309,2.22,1094.480483,6813.991517,114.7777664,713.8222336,1209.25825,7527.81375,37639.06875,2517.241782,1258.620891,8955.458218,8.878318365,26.54592293,2.852771338,12764.02792,12764.02792,63820.13958,63820.13958,5472.402416,573.8888321,7124.719248,49077.5
37,293,PM-Shoulder,1,OP,PM,3,NB,3NB,3.7,70,9200,1,6,70,3600,1,6,2050,0.5,0,5.15,2.575,0.28125,0.28125,3.632,0.592,9951.6,595.6,10547.2,10547.2,11738.4,1.1,1.275913043,11738.4,0,1,1194.192,7706.51904,524.128,9281.536,2.008160438,6.010006,0.141792317,0.141844027,77.26399469,231.2350462,39.63996249,60.22278554,1.290099243,3.686312382,5.600408932,-1.91409655,1.700286252,1092.725191,7664.682809,74.34442642,521.2555736,1167.069618,8185.938382,8185.938382,2509.95047,1254.975235,9228.44953,7.430193621,22.2370222,2.263085173,9772.358406,9772.358406,9772.358406,9772.358406,1092.725191,74.34442642,2361.261618,10547.2
38,294,PM-Peak,3,Peak,PM,3,NB,3NB,3.7,70,9200,1,6,70,3600,1,6,2050,0.5,0,5.15,2.575,0.28125,0.28125,3.632,0.592,9021.1,553.2,9574.3,9574.3,10680.7,1.1,1.160945652,10680.7,0,1,1082.532,6985.93984,486.816,8425.384,2.462436438,7.368205885,0.151321063,0.151375221,75.17510522,224.9421119,39.63996249,62.86615543,2.411675607,3.531311856,5.600408932,-2.069097076,1.700286252,1057.119842,6881.448158,73.69187979,479.5081202,1130.811722,7360.956278,22082.86884,2360.727481,1180.363741,8319.972519,9.111014819,27.26236178,2.782131897,11640.44923,11640.44923,34921.34769,34921.34769,3171.359525,221.0756394,4474.967165,28722.9
39,295,PM-Late,3,OP,NT,3,NB,3NB,3.7,70,8000,1,6,70,3600,1,6,2050,0.5,0,5.15,2.575,0.310344828,0.310344828,3.635,0.708,4864.4,359.3,5223.7,5223.7,5942.3,1.1,0.7427875,5942.3,0,1,583.728,3766.99136,316.184,4596.856,1.281693425,3.840483546,0.11196475,0.112006943,95.84322181,287.1859285,64.21241143,69.91792084,2.041232891,3.175151625,3.45727555,-0.282123924,0.200092885,421.7702446,3858.901755,35.41480317,323.8851968,457.1850478,4182.786952,12548.36086,1111.742654,555.871327,4830.557346,4.742265673,14.20978912,1.4799043,2503.383437,2503.383437,7510.150312,7510.150312,1265.310734,106.2444095,1955.283143,15671.1
40,296,Night,8,OP,NT,3,SB,3SB,3.7,70,8000,1,6,70,3600,1,6,2050,0.5,0,5.15,2.575,0.310344828,0.310344828,3.635,0.708,2514.8,398.7,2913.5,2913.5,3710.9,1.1,0.4638625,3710.9,0,1,301.776,1947.46112,350.856,2563.88,0.683056606,2.048822839,0.115301175,0.115300133,93.39168855,280.1276244,69.63493223,69.99686816,1.352008003,3.17157047,3.188055088,-0.016484619,0.011638562,224.5445551,1988.479445,40.45374339,358.2462566,264.9982985,2346.725702,18773.80561,647.6817852,323.8408926,3063.218215,2.527309444,7.580644503,0.891549857,874.159022,874.159022,6993.272176,6993.272176,1796.356441,323.6299471,2421.762388,23308
41,297,AM-Early,1,OP,AM,3,SB,3SB,3.7,70,8800,1,6,70,3600,1,6,2050,0.5,0,5.15,2.575,0.290322581,0.290322581,3.479,0.715,6826,541.8,7367.8,7367.8,8451.4,1.1,0.960386364,8451.4,0,1,819.12,5286.0544,476.784,6483.664,2.202658723,6.588021538,0.104623071,0.104733639,85.16636414,254.7275415,48.62859775,69.46980287,2.535118135,3.195633079,4.56521492,-1.369581842,0.975650444,553.0432466,5453.836753,49.93532338,491.8646766,602.97857,5945.70143,5945.70143,1521.969217,760.9846084,6929.430783,8.149837277,24.37567969,2.565830022,5724.419915,5724.419915,5724.419915,5724.419915,553.0432466,49.93532338,1422.09857,7367.8
42,298,AM-Peak,2,Peak,AM,3,SB,3SB,3.7,70,9600,1,6,70,3600,1,6,2050,0.5,0,5.15,2.575,0.272727273,0.272727273,3.479,0.715,7842.7,630.9,8473.6,8473.6,9735.4,1.1,1.014104167,9735.4,0,1,941.124,6073.38688,555.192,7456.768,2.709648372,8.085623536,0.120754336,0.121286712,82.41580639,245.9297637,45.0459281,68.1337506,3.304217531,3.258297071,4.928303387,-1.670006316,1.229812371,733.3877978,6168.188202,67.33741196,563.562588,800.7252097,6731.75079,13463.50158,1876.524034,938.2620168,7858.875966,10.02569898,29.91680708,3.16174386,9367.245656,9367.245656,18734.49131,18734.49131,1466.775596,134.6748239,2542.574419,16947.2
43,299,AM-Shoulder,1,OP,AM,3,SB,3SB,3.7,70,9600,1,6,70,3600,1,6,2050,0.5,0,5.15,2.575,0.272727273,0.272727273,3.479,0.715,6908.6,997.8,7906.4,7906.4,9902,1.1,1.031458333,9902,0,1,829.032,5350.01984,878.064,6957.632,2.020691457,6.030579161,0.137645588,0.13878767,77.69708435,231.8802389,45.05048661,67.81062108,2.024133117,3.273823429,4.927804708,-1.653981279,1.229463295,736.406627,5343.161373,121.864457,875.935543,858.271084,6219.096916,6219.096916,1931.031998,965.5159989,7970.968002,7.476558389,22.31314289,2.590048617,8224.966187,8224.966187,8224.966187,8224.966187,736.406627,121.864457,1687.303084,7906.4
44,300,MD,5,OP,MD,3,SB,3SB,3.7,70,8800,1,6,70,3600,1,6,2050,0.5,0,5.15,2.575,0.290322581,0.290322581,3.482,0.708,9218.7,834,10052.7,10052.7,11720.7,1.1,1.331897727,11720.7,0,1,1106.244,7138.96128,733.92,8846.376,2.418538366,7.230020557,0.152699918,0.152850776,71.75695031,214.5114724,35,59.78780856,1.510329979,3.713131579,6.342857143,-2.629725564,2.22,1090.118804,7022.337196,112.1802418,721.8197582,1202.299046,7744.156954,38720.78477,2532.90353,1266.451765,9187.79647,8.948591952,26.75107606,2.867472628,12755.97054,12755.97054,63779.85269,63779.85269,5450.594021,560.9012091,7117.73923,50263.5
45,301,PM-Shoulder,1,OP,PM,3,SB,3SB,3.7,70,8800,1,6,70,3600,1,6,2050,0.5,0,5.15,2.575,0.290322581,0.290322581,3.632,0.592,10553.3,631.6,11184.9,11184.9,12448.1,1.1,1.414556818,12448.1,0,1,1266.396,8172.47552,555.808,9842.712,2.416421261,7.227022532,0.142770731,0.142837884,77.18374001,230.8408046,35,56.62384126,1.265456918,3.92061003,6.342857143,-2.422247113,2.22,1166.790303,8120.113697,79.3904388,552.2095612,1246.180741,8672.323259,8672.323259,2671.357619,1335.67881,9776.742381,8.940758666,26.73998337,2.722890245,12554.88952,12554.88952,12554.88952,12554.88952,1166.790303,79.3904388,2512.576741,11184.9
46,302,PM-Peak,3,Peak,PM,3,SB,3SB,3.7,70,7200,1,6,70,3600,1,6,2050,0.5,0,5.15,2.575,0.333333333,0.333333333,3.632,0.592,9516.8,593.6,10110.4,10110.4,11297.6,1.1,1.569111111,11297.6,0,1,1142.016,7369.80992,522.368,8897.152,5.149999634,15.44999472,0.263924963,0.262077293,70.14959939,210.4487412,17.23013226,30.37657881,1.478095009,7.308262111,12.88440487,-5.57614276,6.79908341,1945.076814,6429.707186,136.9007912,456.6992088,2081.977605,6886.406395,20659.21919,3497.795187,1748.897594,7799.804813,19.05499865,57.16498046,5.827277562,44889.36711,31588.63634,134668.1013,94765.90903,5835.230441,410.7023737,7387.948814,30331.2
47,303,PM-Late,3,OP,NT,3,SB,3SB,3.7,70,8000,1,6,70,3600,1,6,2050,0.5,0,5.15,2.575,0.310344828,0.310344828,3.635,0.708,7300.2,539.4,7839.6,7839.6,8918.4,1.1,1.1148,8918.4,0,1,876.024,5653.27488,474.672,6898.848,4.460604971,13.29474233,0.1100316,0.110281236,97.03608664,289.2140813,34.28727167,69.11900979,3.099110651,3.211851568,6.474705895,-3.262854327,2.312294127,622.0388815,5802.137119,52.34741504,487.052585,674.3862965,6289.189703,18867.56911,1655.105127,827.5525633,7263.294873,16.50423839,49.19054662,5.146331026,12841.27595,12841.27595,38523.82785,38523.82785,1866.116644,157.0422451,2899.18289,23518.8
48,304,Night,8,OP,NT,4,NB,4NB,3.3,70,8000,1,6,70,3600,1,6,2050,0.5,0,5.15,2.575,0.310344828,0.310344828,3.635,0.708,2552.6,442.3,2994.9,2994.9,3879.5,1.1,0.4849375,3879.5,0,1,306.312,1976.73344,389.224,2635.512,0.721513252,2.164187641,0.115654729,0.115658979,93.10773348,279.2777617,69.52514581,69.99617921,1.271507462,2.828725828,2.847890467,-0.019164639,0.013523327,228.618571,2017.669429,45.01725049,397.2827495,273.6358215,2414.952179,19319.61743,669.9823225,334.9911612,3209.517678,2.380993732,7.141819216,0.95885511,865.8444493,865.8444493,6926.755594,6926.755594,1828.948568,360.1380039,2495.398572,23959.2
49,305,AM-Early,1,OP,AM,4,NB,4NB,3.3,70,10800,1,6,70,3600,1,6,2050,0.5,0,5.15,2.575,0.25,0.25,3.479,0.715,11173,886.9,12059.9,12059.9,13833.7,1.1,1.280898148,13833.7,0,1,1340.76,8652.3712,780.472,10612.712,2.574982178,7.724814852,0.206251032,0.206251032,-103.6338362,-310.8962088,54.1521824,28.00257489,-1.346775141,7.070778339,3.656362333,3.414416006,0.579453633,1784.560488,8047.679512,160.9731551,725.9268449,1945.533643,8773.606357,8773.606357,3608.239954,1804.119977,10225.46005,8.497441189,25.49188901,3.001078544,19267.7076,19267.7076,19267.7076,19267.7076,1784.560488,160.9731551,3286.293643,12059.9
50,306,AM-Peak,2,Peak,AM,4,NB,4NB,3.3,70,8800,1,6,70,3600,1,6,2050,0.5,0,5.15,2.575,0.290322581,0.290322581,3.479,0.715,10264.1,827.7,11091.8,11091.8,12747.2,1.1,1.448545455,12747.2,0,1,1231.692,7948.51904,728.376,9760.784,3.070894645,9.164680232,0.126022013,0.126236714,78.91198477,235.5024156,35,60.47016133,2.186667955,3.274342182,5.657142857,-2.382800675,1.98,1001.688373,8030.719627,91.94779272,735.7522073,1093.636165,8766.471835,17532.94367,2509.223751,1254.611875,10237.97625,10.13395233,30.24344477,3.583231519,12931.88021,12931.88021,25863.76041,25863.76041,2003.376745,183.8955854,3418.96433,22183.6
51,307,AM-Shoulder,1,OP,AM,4,NB,4NB,3.3,70,9600,1,6,70,3600,1,6,2050,0.5,0,5.15,2.575,0.272727273,0.272727273,3.479,0.715,9035.4,1305.2,10340.6,10340.6,12951,1.1,1.3490625,12951,0,1,1084.248,6997.01376,1148.576,9099.728,2.574985779,7.724890229,0.240114812,0.24011481,-221.8119752,-665.4301449,43.93418875,28.8151708,-0.76385128,6.871380405,4.506740779,2.364639627,1.174718545,1680.086644,6271.065356,275.7901077,1029.409892,1955.876751,7300.475249,7300.475249,3591.704967,1795.852483,9359.295033,8.497453071,25.49213776,3.301152549,21306.93683,21306.93683,21306.93683,21306.93683,1680.086644,275.7901077,3040.124751,10340.6
52,308,MD,5,OP,MD,4,NB,4NB,3.3,70,8800,1,6,70,3600,1,6,2050,0.5,0,5.15,2.575,0.290322581,0.290322581,3.482,0.708,9254.6,853.4,10108,10108,11814.8,1.1,1.342590909,11814.8,0,1,1110.552,7166.76224,750.992,8895.04,2.424365811,7.250258984,0.151325346,0.151457485,72.01490037,215.3662933,35,59.73646025,1.343198327,3.314558633,5.657142857,-2.342584224,1.98,1084.512775,7059.535225,113.7433595,739.6566405,1198.256134,7799.191866,38995.95933,2536.294853,1268.147427,9278.505147,8.000407175,23.92585465,2.882459273,11397.95087,11397.95087,56989.75436,56989.75436,5422.563874,568.7167975,7101.832672,50540
53,309,PM-Shoulder,1,OP,PM,4,NB,4NB,3.3,70,8800,1,6,70,3600,1,6,2050,0.5,0,5.15,2.575,0.290322581,0.290322581,3.632,0.592,10247.9,613.4,10861.3,10861.3,12088.1,1.1,1.373647727,12088.1,0,1,1229.748,7935.97376,539.792,9557.944,2.394733952,7.165702362,0.14902009,0.149072698,75.85496787,226.9789185,35,56.97505617,1.151276758,3.475204999,5.657142857,-2.181937859,1.98,1182.619526,7835.532474,80.46824957,532.9317504,1263.087776,8368.464224,8368.464224,2653.772275,1326.886137,9434.327725,7.902622041,23.64681779,2.698680743,11248.61317,11248.61317,11248.61317,11248.61317,1182.619526,80.46824957,2492.835776,10861.3
54,310,PM-Peak,3,Peak,PM,4,NB,4NB,3.3,70,8800,1,6,70,3600,1,6,2050,0.5,0,5.15,2.575,0.290322581,0.290322581,3.632,0.592,9290.5,814.9,10105.4,10105.4,11735.2,1.1,1.333545455,11735.2,0,1,1114.86,7194.5632,717.112,8892.752,2.901766834,8.683520605,0.149716521,0.149771161,75.14748988,224.8784324,35,60.18214981,2.151653935,3.290012082,5.657142857,-2.367130775,1.98,1077.144969,7098.495031,107.4026969,707.4973031,1184.547666,7805.992334,23417.977,2514.21306,1257.10653,9220.98694,9.575830553,28.655618,3.425997277,13392.24836,13392.24836,40176.74508,40176.74508,3231.434908,322.2080907,4668.502998,30316.2
55,311,PM-Late,3,OP,NT,4,NB,4NB,3.3,70,8000,1,6,70,3600,1,6,2050,0.5,0,5.15,2.575,0.310344828,0.310344828,3.635,0.708,5008.1,370,5378.1,5378.1,6118.1,1.1,0.7647625,6118.1,0,1,600.972,3878.27264,325.6,4732.728,1.35998035,4.075092888,0.111899889,0.111947289,95.86024623,287.2390088,63.21099881,69.90243166,1.875188322,2.832519489,3.132366261,-0.299846772,0.212656383,433.9782787,3973.149721,36.45003726,333.5499627,470.428316,4306.699684,12920.09905,1144.300391,572.1501953,4973.799609,4.487935155,13.44780653,1.570354492,2437.839423,2437.839423,7313.518268,7313.518268,1301.934836,109.3501118,2012.256948,16134.3
56,312,Night,8,OP,NT,4,SB,4SB,3.3,70,8000,1,6,70,3600,1,6,2050,0.5,0,5.15,2.575,0.310344828,0.310344828,3.635,0.708,2430.4,385.5,2815.9,2815.9,3586.9,1.1,0.4483625,3586.9,0,1,291.648,1882.10176,339.24,2477.992,0.657975199,1.973583053,0.11532275,0.115330966,93.37788101,280.0850302,69.70203229,69.99744508,1.165451436,2.828674672,2.840663227,-0.011988556,0.008464259,217.0491513,1921.702849,39.12487702,346.375123,256.1740284,2268.077972,18144.62377,626.0717824,313.0358912,2960.828218,2.171318156,6.512824074,0.858904996,726.0962041,726.0962041,5808.769633,5808.769633,1736.393211,312.9990162,2341.040227,22527.2
57,313,AM-Early,1,OP,AM,4,SB,4SB,3.3,70,8800,1,6,70,3600,1,6,2050,0.5,0,5.15,2.575,0.290322581,0.290322581,3.479,0.715,6599.6,523.8,7123.4,7123.4,8171,1.1,0.928522727,8171,0,1,791.952,5110.73024,460.944,6268.592,1.971248339,5.899980525,0.104534049,0.104619683,85.13777913,254.818852,51.50335204,69.56748303,2.187415698,2.846157305,3.844409969,-0.998252664,0.711086978,534.2453233,5273.402677,48.22381531,475.5761847,582.4691386,5748.978861,5748.978861,1470.868769,735.4343846,6700.131231,6.505119519,19.46993573,2.296516139,4414.244265,4414.244265,4414.244265,4414.244265,534.2453233,48.22381531,1374.421139,7123.4
58,314,AM-Peak,2,Peak,AM,4,SB,4SB,3.3,70,9600,1,6,70,3600,1,6,2050,0.5,0,5.15,2.575,0.272727273,0.272727273,3.479,0.715,7584,610,8194,8194,9414,1.1,0.980625,9414,0,1,910.08,5873.0496,536.8,7210.72,3.067221586,9.162010055,0.098180277,0.098334607,87.60130232,261.6713498,46.14398222,69.1666457,3.440851834,2.86265147,4.290917048,-1.428265578,1.023641934,576.6176393,6097.302361,52.78601704,557.213983,629.4036563,6654.516344,13309.03269,1645.05569,822.5278452,7768.94431,10.12183123,30.23463318,3.578371473,7432.392294,7432.392294,14864.78459,14864.78459,1153.235279,105.5720341,2168.887313,16388
59,315,AM-Shoulder,1,OP,AM,4,SB,4SB,3.3,70,8800,1,6,70,3600,1,6,2050,0.5,0,5.15,2.575,0.290322581,0.290322581,3.479,0.715,6678.7,964.8,7643.5,7643.5,9573.1,1.1,1.087852273,9573.1,0,1,801.444,5171.98528,849.024,6726.28,3.550113616,10.61861085,0.106053999,0.106167099,83.95214032,251.1060784,36.44836403,69.24517286,2.721383859,2.859405094,5.432342583,-2.572937489,1.822639808,548.5097203,5328.74628,90.13841516,874.6615848,638.6481354,6203.407865,6203.407865,1620.368966,810.1844829,7952.731034,11.71537493,35.04141581,4.547757081,9584.574714,9584.574714,9584.574714,9584.574714,548.5097203,90.13841516,1440.092135,7643.5
60,316,MD,5,OP,MD,4,SB,4SB,3.3,70,8000,1,6,70,3600,1,6,2050,0.5,0,5.15,2.575,0.310344828,0.310344828,3.482,0.708,8913.3,806.4,9719.7,9719.7,11332.5,1.1,1.4165625,11332.5,0,1,1069.596,6902.45952,709.632,8553.336,3.469128424,10.36523882,0.190815492,0.190998504,64.37700859,192.3489092,25.25652511,53.14467182,1.447728793,3.72567923,7.839558257,-4.113879027,3.50769078,1317.096208,6526.607792,135.5386502,670.8613498,1452.634858,7197.469142,35987.34571,2793.308158,1396.654079,8539.191842,11.4481238,34.2052881,4.112572638,19714.41902,19714.41902,98572.09511,98572.09511,6585.481039,677.6932511,8332.77029,48598.5
61,317,PM-Shoulder,1,OP,PM,4,SB,4SB,3.3,70,6400,1,6,70,3600,1,6,2050,0.5,0,5.15,2.575,0.36,0.36,3.632,0.592,10203,610.7,10813.7,10813.7,12035.1,1.1,1.880484375,12035.1,0,1,1224.36,7901.2032,537.416,9516.056,5.149999872,15.44999957,0.24674618,0.24674616,28.91373116,86.74119321,9.022980226,28.3695921,1.631489011,6.979303731,21.94396918,-14.96466545,13.38077843,1949.591711,7029.048289,132.6053342,478.0946658,2082.197045,7507.142955,7507.142955,3571.767713,1785.883857,8463.332287,16.99499958,50.98499858,5.805958397,39894.19308,27905.23236,39894.19308,27905.23236,1949.591711,132.6053342,3306.557045,10813.7
62,318,PM-Peak,3,Peak,PM,4,SB,4SB,3.3,70,8000,1,6,70,3600,1,6,2050,0.5,0,5.15,2.575,0.310344828,0.310344828,3.632,0.592,9200.7,573.9,9774.6,9774.6,10922.4,1.1,1.3653,10922.4,0,1,1104.084,7125.02208,505.032,8601.648,3.960364632,11.84023428,0.195590266,0.195642208,67.75409822,202.5632665,25.25652511,52.85406734,2.236391655,3.746163918,7.839558257,-4.093394339,3.50769078,1393.584966,6703.031034,98.80557535,475.0944246,1492.390541,7178.125459,21534.37638,2794.085692,1397.042846,8128.314308,13.06920329,39.07277312,4.482061221,22073.65304,22073.65304,66220.95912,66220.95912,4180.754897,296.4167261,5581.255623,29323.8
63,319,PM-Late,3,OP,NT,4,SB,4SB,3.3,70,8000,1,6,70,3600,1,6,2050,0.5,0,5.15,2.575,0.310344828,0.310344828,3.635,0.708,7059.5,521.5,7581,7581,8624,1.1,1.078,8624,0,1,847.14,5466.8768,458.92,6671.28,3.867087,11.54532932,0.11033202,0.110515002,96.75826921,288.8753426,37.83504266,69.27238179,2.668125454,2.858281972,5.233243737,-2.374961765,1.683270616,603.1715626,5609.188437,50.71754485,470.7824551,653.8891075,6079.970893,18239.91268,1602.464197,801.2320986,7021.535803,12.7613871,38.09958674,4.462633852,9629.623299,9629.623299,28888.8699,28888.8699,1809.514688,152.1526346,2808.807322,22743
64,320,Night,8,OP,NT,5,NB,5NB,2,70,8000,1,6,70,3600,1,6,2050,0.5,0,5.15,2.575,0.310344828,0.310344828,3.635,0.708,2578.5,436.1,3014.6,3014.6,3886.8,1.1,0.48585,3886.8,0,1,309.42,1815.264,348.88,2411.68,0.701396149,2.104003545,0.125627044,0.12562946,89.83134959,269.4703673,69.51571987,69.9962152,0.77619839,1.714378408,1.726228258,-0.01184985,0.00835978,228.0462502,2041.03375,43.8296059,392.2703941,271.8758561,2433.304144,19466.43315,668.9550679,334.477534,3217.844932,1.402792299,4.208007091,0.927513063,504.336816,504.336816,4034.694528,4034.694528,1824.370002,350.6368472,2484.426849,24116.8
65,321,AM-Early,1,OP,AM,5,NB,5NB,2,70,8400,1,6,70,3600,1,6,2050,0.5,0,5.15,2.575,0.3,0.3,3.479,0.715,9592.1,757.7,10349.8,10349.8,11865.2,1.1,1.41252381,11865.2,0,1,1151.052,6752.8384,606.16,8279.84,2.810111808,8.412369579,0.177166533,0.177260727,66.97389069,200.4934889,30.1468657,56.56755858,0.834233067,2.121357241,3.980513304,-1.859156063,1.586359313,1196.37697,7244.67103,107.4483623,650.2516377,1303.825332,7894.922668,7894.922668,2669.774057,1334.887028,9195.425943,5.620223616,16.82473916,3.271794372,8531.696769,8531.696769,8531.696769,8531.696769,1196.37697,107.4483623,2454.877332,10349.8
66,322,AM-Peak,2,Peak,AM,5,NB,5NB,2,70,6000,1,6,70,3600,1,6,2050,0.5,0,5.15,2.575,0.375,0.375,3.479,0.715,7953.5,635.7,8589.2,8589.2,9860.6,1.1,1.643433333,9860.6,0,1,954.42,5599.264,508.56,6871.36,5.14999922,15.44998085,0.328535199,0.328535088,59.82419072,179.472377,16.81992079,36.58397858,1.132376278,3.280124378,7.13439745,-3.854273071,3.794078215,1839.555311,5159.524689,167.0798042,468.6201958,2006.635115,5628.144885,11256.28977,3295.214724,1647.607362,6565.385276,10.29999844,30.89996171,6.007613493,24110.17639,14258.85851,48220.35277,28517.71701,3679.110622,334.1596084,4967.69023,17178.4
67,323,AM-Shoulder,1,OP,AM,5,NB,5NB,2,70,5600,1,6,70,3600,1,6,2050,0.5,0,5.15,2.575,0.391304348,0.391304348,3.479,0.715,6377.7,916.9,7294.6,7294.6,9128.4,1.1,1.630071429,9128.4,0,1,765.324,4489.9008,733.52,5835.68,5.149999964,15.44999992,0.32349185,0.323223299,55.75748667,167.2724603,17.02147174,48.96561923,1.086992816,2.450699121,7.049919175,-4.599220053,3.734943422,1452.446316,4159.929684,237.0907546,679.8092454,1689.537071,4839.738929,4839.738929,2929.04258,1464.52129,6199.35742,10.29999993,30.89999984,6.595386872,22286.30123,22286.30123,22286.30123,22286.30123,1452.446316,237.0907546,2454.861071,7294.6
68,324,MD,5,OP,MD,5,NB,5NB,2,70,6800,1,6,70,3600,1,6,2050,0.5,0,5.15,2.575,0.346153846,0.346153846,3.482,0.708,6617.2,618.9,7236.1,7236.1,8473.9,1.1,1.246161765,8473.9,0,1,794.064,4658.5088,495.12,5788.88,5.149995382,15.44996101,0.14583751,0.145188078,73.95901888,221.8766957,25.17613737,68.98602843,1.939147354,1.739482657,4.766418226,-3.026935569,2.136492758,679.3853241,5143.750676,71.88552118,547.0144788,751.2708453,5690.765155,28453.82577,1689.105888,844.5529438,6784.794112,10.29999076,30.89992203,6.135549929,9218.919562,9218.919562,46094.59781,46094.59781,3396.92662,359.4276059,4550.418226,36180.5
69,325,PM-Shoulder,1,OP,PM,5,NB,5NB,2,70,5600,1,6,70,3600,1,6,2050,0.5,0,5.15,2.575,0.391304348,0.391304348,3.632,0.592,6499.9,387.2,6887.1,6887.1,7661.5,1.1,1.368125,7661.5,0,1,779.988,4575.9296,309.76,5509.68,5.149998231,15.44998959,0.218182256,0.217645107,68.13014736,204.3903746,22.76068691,67.22195031,1.732549015,1.785131188,5.272248614,-3.487117427,2.49057403,998.3866437,4721.525356,67.41774846,319.7822515,1065.804392,5041.307608,5041.307608,1980.627889,990.3139445,5680.872111,10.29999646,30.89997919,5.801527003,12366.58592,12366.58592,12366.58592,12366.58592,998.3866437,67.41774846,1845.792392,6887.1
70,326,PM-Peak,3,Peak,PM,5,NB,5NB,2,70,5600,1,6,70,3600,1,6,2050,0.5,0,5.15,2.575,0.391304348,0.391304348,3.632,0.592,6333.1,394.3,6727.4,6727.4,7516,1.1,1.342142857,7516,0,1,759.972,4458.5024,315.44,5381.92,5.149999836,15.44999716,0.222844675,0.222326717,67.53445689,202.6033399,24.99691345,67.35087613,2.598957831,1.781714016,4.800592692,-3.018878675,2.160414884,993.553518,4579.574482,70.13073952,324.1692605,1063.684257,4903.743743,14711.23123,1963.917737,981.9588683,5552.082263,10.29999967,30.89999432,5.829098379,12400.64036,12400.64036,37201.92108,37201.92108,2980.660554,210.3922186,3951.024772,20182.2
71,327,PM-Late,3,OP,NT,5,NB,5NB,2,70,8000,1,6,70,3600,1,6,2050,0.5,0,5.15,2.575,0.310344828,0.310344828,3.635,0.708,5183.4,380.8,5564.2,5564.2,6325.8,1.1,0.790725,6325.8,0,1,622.008,3649.1136,304.64,4451.36,1.420019528,4.257195653,0.121560764,0.121586411,92.41915632,277.0711408,61.82121732,69.8848612,1.184501227,1.717110086,1.941081156,-0.223971071,0.158756809,443.589036,4117.802964,37.04008434,343.7599157,480.6291203,4461.56288,13384.68864,1176.717289,588.3586445,5149.082711,2.840039056,8.514391307,1.638668874,1575.183959,1575.183959,4725.551877,4725.551877,1330.767108,111.120253,2063.895361,16692.6
72,328,Night,8,OP,NT,5,SB,5SB,2,70,8000,1,6,70,3600,1,6,2050,0.5,0,5.15,2.575,0.310344828,0.310344828,3.635,0.708,2515.7,425.4,2941.1,2941.1,3791.9,1.1,0.4739875,3791.9,0,1,301.884,1771.0528,340.32,2352.88,0.682122247,2.046198348,0.125646184,0.12564815,89.82500928,269.4528533,69.58211638,69.99673468,0.757155807,1.714365685,1.72458106,-0.010215375,0.007206742,222.5260251,1991.289975,42.76057855,382.6394215,265.2866036,2373.929396,18991.43517,652.6917607,326.3458804,3139.208239,1.364244493,4.092396697,0.90199269,478.5731547,478.5731547,3828.585238,3828.585238,1780.208201,342.0846284,2424.176829,23528.8
73,329,AM-Early,1,OP,AM,5,SB,5SB,2,70,8000,1,6,70,3600,1,6,2050,0.5,0,5.15,2.575,0.310344828,0.310344828,3.479,0.715,9357.6,739.2,10096.8,10096.8,11575.2,1.1,1.4469,11575.2,0,1,1122.912,6587.7504,591.36,8077.44,3.387224082,10.13710142,0.200073854,0.200182784,62.92333291,188.3135547,25.25652511,53.06946553,0.874825642,2.261187272,4.751247429,-2.490060157,2.1258732,1318.036613,6916.651387,118.3800914,620.8199086,1436.416705,7537.471295,7537.471295,2796.088887,1398.044444,8779.111113,6.774448165,20.27420284,3.943504926,11329.0327,11329.0327,11329.0327,11329.0327,1318.036613,118.3800914,2559.328705,10096.8
74,330,AM-Peak,2,Peak,AM,5,SB,5SB,2,70,8000,1,6,70,3600,1,6,2050,0.5,0,5.15,2.575,0.310344828,0.310344828,3.479,0.715,7760.3,620.2,8380.5,8380.5,9620.9,1.1,1.2026125,9620.9,0,1,931.236,5463.2512,496.16,6704.4,5.149997156,15.4498979,0.13873007,0.13792855,76.3756762,229.125641,28.0586736,68.01342914,2.571718725,1.764357444,4.276752412,-2.512394968,1.793726688,757.9172241,6071.146776,68.43462932,551.7653707,826.3518534,6622.912147,13245.82429,1894.457112,947.228556,7726.442888,10.29999431,30.8997958,6.002987183,9921.159169,9921.159169,19842.31834,19842.31834,1515.834448,136.8692586,2583.939707,16761
75,331,AM-Shoulder,1,OP,AM,5,SB,5SB,2,70,7200,1,6,70,3600,1,6,2050,0.5,0,5.15,2.575,0.333333333,0.333333333,3.479,0.715,6222.4,894.5,7116.9,7116.9,8905.9,1.1,1.236930556,8905.9,0,1,746.688,4380.5696,715.6,5693.52,5.149994683,15.44997312,0.140930625,0.140468184,74.71915455,224.1573051,25.46747351,69.08902929,1.95699048,1.736889362,4.711892602,-2.97500324,2.098324821,617.3564098,4858.35559,100.5190328,793.9809672,717.8754426,5652.336557,5652.336557,1665.601508,832.8007541,7240.298492,10.29998937,30.89994625,6.592227985,9464.797165,9464.797165,9464.797165,9464.797165,617.3564098,100.5190328,1464.563443,7116.9
76,332,MD,5,OP,MD,5,SB,5SB,2,70,6400,1,6,70,3600,1,6,2050,0.5,0,5.15,2.575,0.36,0.36,3.482,0.708,6455.3,603.8,7059.1,7059.1,8266.7,1.1,1.291671875,8266.7,0,1,774.636,4544.5312,483.04,5647.28,5.149998892,15.44995403,0.169316484,0.168729869,69.94527665,209.8352507,23.80400756,68.54847253,1.890755795,1.750586054,5.041167949,-3.290581896,2.328817565,769.4640447,4911.199955,81.50327592,522.2967241,850.9673206,5433.496679,27167.4834,1788.609872,894.3049362,6478.090128,10.29999778,30.89990806,6.13649986,10443.92169,10443.92169,52219.60844,52219.60844,3847.320224,407.5163796,5029.472603,35295.5
77,333,PM-Shoulder,1,OP,PM,5,SB,5SB,2,70,6400,1,6,70,3600,1,6,2050,0.5,0,5.15,2.575,0.36,0.36,3.632,0.592,6341.4,377.8,6719.2,6719.2,7474.8,1.1,1.1679375,7474.8,0,1,760.968,4464.3456,302.24,5375.36,4.158786801,12.45695189,0.140272608,0.14030383,77.06871844,230.8464856,31.21325558,69.46500242,1.895933915,1.727488603,3.844520469,-2.117031866,1.491164329,626.2253995,4954.2066,42.40542967,335.3945703,668.6308292,5289.601171,5289.601171,1514.409689,757.2048443,5960.390311,8.317573602,24.91390377,4.685067135,6265.160646,6265.160646,6265.160646,6265.160646,626.2253995,42.40542967,1429.598829,6719.2
78,334,PM-Peak,3,Peak,PM,5,SB,5SB,2,70,6400,1,6,70,3600,1,6,2050,0.5,0,5.15,2.575,0.36,0.36,3.632,0.592,6179.5,384.7,6564.2,6564.2,7333.6,1.1,1.145875,7333.6,0,1,741.54,4350.368,307.76,5251.36,2.574999924,7.724946536,0.222898031,0.222664884,68.49607285,205.4868025,41.25296682,67.6982098,1.862000134,1.772572722,2.908881694,-1.136308972,0.836217185,969.6884596,4468.27154,68.52734469,316.1726553,1038.215804,4784.444196,14353.33259,1916.810494,958.4052468,5416.789506,5.149999847,15.44989307,2.914921706,6052.635567,6052.635567,18157.9067,18157.9067,2909.065379,205.5820341,3856.187413,19692.6
79,335,PM-Late,3,OP,NT,5,SB,5SB,2,70,8000,1,6,70,3600,1,6,2050,0.5,0,5.15,2.575,0.310344828,0.310344828,3.635,0.708,5056.2,371.5,5427.7,5427.7,6170.7,1.1,0.7713375,6170.7,0,1,606.744,3559.5648,297.2,4342.16,1.344689891,4.031654323,0.12164344,0.121660922,92.38926567,277.0018461,62.83999098,69.90058085,1.154953953,1.716723932,1.909611986,-0.192888054,0.13672839,432.9977064,4016.458294,36.15762587,335.3423741,469.1553322,4351.800668,13055.402,1148.214584,574.107292,5022.485416,2.689379783,8.063308647,1.551773235,1456.045375,1456.045375,4368.136125,4368.136125,1298.993119,108.4728776,2014.209997,16283.1
80,336,Night,8,OP,NT,6,NB,6NB,1.3,70,8000,1,6,70,3600,1,6,2050,0.5,0,5.15,2.575,0.310344828,0.310344828,3.635,0.708,1807.1,305.7,2112.8,2112.8,2724.2,1.1,0.340525,2724.2,0,1,216.852,1272.1984,244.56,1690.24,0.500071732,1.50080653,0.120796186,0.120676621,91.05436826,273.2707766,69.94072235,69.99960658,0.362521208,1.114291977,1.115230117,-0.000938141,0.000661082,153.6767144,1436.571286,29.51267445,276.1873255,183.1893889,1712.758611,13702.06889,459.0667378,229.5333689,2265.133262,0.650093251,1.951048489,0.661294827,157.4848538,157.4848538,1259.87883,1259.87883,1229.413715,236.1013956,1682.367111,16902.4
81,337,AM-Early,1,OP,AM,6,NB,6NB,1.3,70,9200,1,6,70,3600,1,6,2050,0.5,0,5.15,2.575,0.28125,0.28125,3.479,0.715,6724.6,531.2,7255.8,7255.8,8318.2,1.1,0.904152174,8318.2,0,1,806.952,4734.1184,424.96,5804.64,1.768025248,5.300002262,0.110362971,0.110398531,83.04995555,248.9585219,53.28290718,69.57132157,0.823989209,1.121151622,1.463884088,-0.342732467,0.244718862,522.4713709,5395.176629,46.91495993,484.2850401,569.3863308,5879.461669,5879.461669,1470.168251,735.0841253,6848.031749,2.298432822,6.890002941,2.059044809,1524.109559,1524.109559,1524.109559,1524.109559,522.4713709,46.91495993,1376.338331,7255.8
82,338,AM-Peak,2,Peak,AM,6,NB,6NB,1.3,70,9600,1,6,70,3600,1,6,2050,0.5,0,5.15,2.575,0.272727273,0.272727273,3.479,0.715,5576.6,445.7,6022.3,6022.3,6913.7,1.1,0.720177083,6913.7,0,1,669.192,3925.9264,356.56,4817.84,1.501505134,4.502270127,0.104702961,0.104714228,84.9405409,254.6946069,64.66256606,69.87853043,1.01757101,1.116222673,1.206262058,-0.090039385,0.06438344,411.056119,4496.351881,37.33690501,408.363095,448.393024,4904.714976,9809.429952,1192.258834,596.129417,5721.441166,1.951956674,5.852951165,1.751373601,1020.894816,1020.894816,2041.789633,2041.789633,822.1122381,74.67381001,1565.978048,12044.6
83,339,AM-Shoulder,1,OP,AM,6,NB,6NB,1.3,70,8000,1,6,70,3600,1,6,2050,0.5,0,5.15,2.575,0.310344828,0.310344828,3.479,0.715,4471.5,642.8,5114.3,5114.3,6399.9,1.1,0.7999875,6399.9,0,1,536.58,3147.936,514.24,4091.44,1.291683769,3.874178819,0.122955234,0.122960996,78.42214959,235.2134773,61.3590631,69.91923588,0.826543882,1.115572832,1.271205851,-0.155633018,0.109844095,387.0552065,3547.864794,63.23146233,579.5685377,450.2866688,4127.433331,4127.433331,1113.329593,556.6647967,5286.570407,1.6791889,5.036432465,1.654330389,968.3997961,968.3997961,968.3997961,968.3997961,387.0552065,63.23146233,986.8666688,5114.3
84,340,MD,5,OP,MD,6,NB,6NB,1.3,70,8000,1,6,70,3600,1,6,2050,0.5,0,5.15,2.575,0.310344828,0.310344828,3.482,0.708,4640,433.9,5073.9,5073.9,5941.7,1.1,0.7427125,5941.7,0,1,556.8,3266.56,347.12,4059.12,1.075723985,3.22632629,0.122461034,0.122469585,78.75371352,236.1992296,64.19563338,69.9298892,0.735456271,1.115402883,1.215035913,-0.09963303,0.070525139,400.0263166,3683.173683,42.51164223,391.3883578,442.5379589,4074.562041,20372.81021,1084.361243,542.1806217,4857.338757,1.39844118,4.194224177,1.282317869,737.7166319,737.7166319,3688.583159,3688.583159,2000.131583,212.5582112,2769.489794,25369.5
85,341,PM-Shoulder,1,OP,PM,6,NB,6NB,1.3,70,8000,1,6,70,3600,1,6,2050,0.5,0,5.15,2.575,0.310344828,0.310344828,3.632,0.592,4557.4,271.5,4828.9,4828.9,5371.9,1.1,0.6714875,5371.9,0,1,546.888,3208.4096,217.2,3863.12,0.840837726,2.522045738,0.129805942,0.12982125,79.3706962,238.0679648,66.8269749,69.94159033,0.613356911,1.115216277,1.167193339,-0.051977062,0.037035338,416.470631,3594.041369,28.19717547,243.3028245,444.6678065,3837.344193,3837.344193,1047.950157,523.9750787,4323.949843,1.093089043,3.27865946,0.947446112,547.6884197,547.6884197,547.6884197,547.6884197,416.470631,28.19717547,991.5558065,4828.9
86,342,PM-Peak,3,Peak,PM,6,NB,6NB,1.3,70,8000,1,6,70,3600,1,6,2050,0.5,0,5.15,2.575,0.310344828,0.310344828,3.632,0.592,4440.1,276.4,4716.5,4716.5,5269.3,1.1,0.6586625,5269.3,0,1,532.812,3125.8304,221.12,3773.2,1.221889305,3.664799156,0.129979906,0.129993388,79.29762101,237.8364828,67.16213336,69.94879635,0.942384817,1.115101389,1.161368707,-0.046267318,0.032958095,406.2951423,3500.992858,28.74413796,247.655862,435.0392802,3748.64872,11245.94616,1025.339556,512.6697781,4243.960444,1.588456096,4.764238902,1.383298494,782.3259358,782.3259358,2346.977807,2346.977807,1218.885427,86.23241388,1837.929841,14149.5
87,343,PM-Late,3,OP,NT,6,NB,6NB,1.3,70,8000,1,6,70,3600,1,6,2050,0.5,0,5.15,2.575,0.310344828,0.310344828,3.635,0.708,3634,267,3901,3901,4435,1.1,0.554375,4435,0,1,436.08,2558.336,213.6,3120.8,0.788591719,2.365483032,0.122232377,0.122225723,92.1697304,276.475048,68.92096971,69.98608184,0.537818375,1.114507313,1.131731029,-0.017223717,0.012211721,312.7114904,2885.20851,26.10741449,240.8925855,338.8189049,3126.101095,9378.303285,827.1137339,413.5568669,3607.886266,1.025169235,3.075127942,0.910097794,400.865839,400.865839,1202.597517,1202.597517,938.1344711,78.32224348,1452.536715,11703
88,344,Night,8,OP,NT,6,SB,6SB,1.3,70,8000,1,6,70,3600,1,6,2050,0.5,0,5.15,2.575,0.310344828,0.310344828,3.635,0.708,2008.6,329.9,2338.5,2338.5,2998.3,1.1,0.3747875,2998.3,0,1,241.032,1414.0544,263.92,1870.8,0.529620108,1.588974323,0.125603301,0.125573146,89.87870279,269.6554544,69.89737532,69.9991822,0.387911808,1.114298732,1.11592173,-0.001622998,0.001145211,177.6099,1589.9581,33.14126475,296.7587353,210.7511648,1886.716835,15093.73468,518.0656943,259.0328471,2480.234306,0.68850614,2.065666619,0.696206796,190.744311,190.744311,1525.954488,1525.954488,1420.8792,265.130118,1927.041318,18708
89,345,AM-Early,1,OP,AM,6,SB,6SB,1.3,70,8000,1,6,70,3600,1,6,2050,0.5,0,5.15,2.575,0.310344828,0.310344828,3.479,0.715,4309.6,340.5,4650.1,4650.1,5331.1,1.1,0.6663875,5331.1,0,1,517.152,3033.9584,272.4,3720.08,0.889527874,2.668041485,0.121707726,0.121709883,79.53517329,238.5570458,66.83458287,69.96021178,0.652421246,1.114919438,1.167060475,-0.052141037,0.036942332,369.2561766,3423.191823,33.15377212,307.3462279,402.4099487,3730.538051,3730.538051,985.8694929,492.9347465,4345.230507,1.156386236,3.46845393,1.036056147,541.9950914,541.9950914,541.9950914,541.9950914,369.2561766,33.15377212,919.5619487,4650.1
90,346,AM-Peak,2,Peak,AM,6,SB,6SB,1.3,70,8000,1,6,70,3600,1,6,2050,0.5,0,5.15,2.575,0.310344828,0.310344828,3.479,0.715,4754,381.3,5135.3,5135.3,5897.9,1.1,0.7372375,5897.9,0,1,570.48,3346.816,305.04,4108.24,1.55047787,4.649493864,0.121723099,0.12173523,79.53270126,238.4986033,64.40745704,69.92768031,1.129178674,1.115438116,1.211039895,-0.095601779,0.067727926,407.3848149,3776.135185,37.13411466,344.1658853,444.5189296,4120.30107,8240.602141,1089.267159,544.6335794,4808.632841,2.015621231,6.044342024,1.809362718,1045.584772,1045.584772,2091.169544,2091.169544,814.7696298,74.26822933,1459.517859,10270.6
91,347,AM-Shoulder,1,OP,AM,6,SB,6SB,1.3,70,8000,1,6,70,3600,1,6,2050,0.5,0,5.15,2.575,0.310344828,0.310344828,3.479,0.715,4370.7,628.4,4999.1,4999.1,6255.9,1.1,0.7819875,6255.9,0,1,524.484,3076.9728,502.72,3999.28,1.228103609,3.683495195,0.123093291,0.123102143,78.38247407,235.0953653,62.34630541,69.92928392,0.807376746,1.115412537,1.251076539,-0.135664002,0.095753577,378.7547095,3467.461291,61.88590928,566.5140907,440.6406188,4033.975381,4033.975381,1088.896437,544.4482187,5167.003563,1.596534692,4.788543754,1.572951847,901.0384178,901.0384178,901.0384178,901.0384178,378.7547095,61.88590928,965.1246188,4999.1
92,348,MD,5,OP,MD,6,SB,6SB,1.3,70,8000,1,6,70,3600,1,6,2050,0.5,0,5.15,2.575,0.310344828,0.310344828,3.482,0.708,5297.4,484.4,5781.8,5781.8,6750.6,1.1,0.843825,6750.6,0,1,635.688,3729.3696,387.52,4625.44,1.433186687,4.29780518,0.121872832,0.121887225,78.94839016,236.7485012,58.57386558,69.84944162,0.83645388,1.116687524,1.33165191,-0.214964387,0.152156337,454.5088357,4207.203164,47.23373741,437.1662626,501.7425731,4644.369427,23221.84713,1231.898048,615.949024,5518.701952,1.863142694,5.587146734,1.702860111,1110.716638,1110.716638,5553.583191,5553.583191,2272.544178,236.1686871,3144.400865,28909
93,349,PM-Shoulder,1,OP,PM,6,SB,6SB,1.3,70,5600,1,6,70,3600,1,6,2050,0.5,0,5.15,2.575,0.391304348,0.391304348,3.632,0.592,4350.9,259.2,4610.1,4610.1,5128.5,1.1,0.915803571,5128.5,0,1,522.108,3063.0336,207.36,3688.08,1.640971037,4.921462605,0.158214788,0.158233944,73.41795263,220.1889614,55.47098665,69.91708148,0.987045444,1.115607207,1.406140484,-0.290533277,0.204298339,484.6172116,3344.174788,32.81139066,226.3886093,517.4286023,3570.563398,3570.563398,1105.159384,552.5796918,4023.340616,2.133262348,6.397901386,1.848994888,1243.739693,1243.739693,1243.739693,1243.739693,484.6172116,32.81139066,1039.536602,4610.1
94,350,PM-Peak,3,Peak,PM,6,SB,6SB,1.3,70,5600,1,6,70,3600,1,6,2050,0.5,0,5.15,2.575,0.391304348,0.391304348,3.632,0.592,3975.9,255.3,4231.2,4231.2,4741.8,1.1,0.84675,4741.8,0,1,477.108,2799.0336,204.24,3384.96,1.842215451,5.525272436,0.164780849,0.16478194,72.17866371,216.4821606,60.45819374,69.94239291,1.394126744,1.11520348,1.290147707,-0.174944226,0.123103395,461.2271322,3037.564868,33.65506346,221.6449365,494.8821956,3259.209804,9777.629413,1039.300323,519.6501613,3702.499677,2.394880086,7.182854167,2.092686205,1346.323087,1346.323087,4038.969261,4038.969261,1383.681396,100.9651904,1961.754587,12693.6
95,351,PM-Late,3,OP,NT,6,SB,6SB,1.3,70,8000,1,6,70,3600,1,6,2050,0.5,0,5.15,2.575,0.310344828,0.310344828,3.635,0.708,4631.7,340.7,4972.4,4972.4,5653.8,1.1,0.706725,5653.8,0,1,555.804,3260.7168,272.56,3977.92,1.132362455,3.396093999,0.121892694,0.121899423,92.28220384,276.7656569,65.58484641,69.94082758,0.686963912,1.115228439,1.189299118,-0.074070679,0.052509383,397.4575557,3678.438444,33.22490672,307.4750933,430.6824624,3985.913538,11957.74061,1052.936276,526.4681379,4600.863724,1.472071192,4.414922199,1.306997542,731.7711959,731.7711959,2195.313588,2195.313588,1192.372667,99.67472017,1847.851387,14917.2
96,352,Night,8,OP,NT,7,NB,7NB,0.6,70,9000,1,6,70,3600,1,6,2050,0.5,0,5.15,2.575,0.285714286,0.285714286,3.635,0.708,2211,356.5,2567.5,2567.5,3280.5,1.1,0.3645,3280.5,0,1,265.32,1556.544,285.2,2054,0.517303808,1.551998789,0.113900858,0.11388098,93.81819958,281.4704431,69.90758092,69.9989625,0.167577023,0.514293337,0.514965609,-0.000672272,0.000475926,177.2916964,1768.388304,32.47885539,324.0211446,209.7705518,2092.409448,16739.27559,540.0482626,270.0241313,2740.451737,0.310382285,0.931199273,0.677506031,85.27248838,85.27248838,682.179907,682.179907,1418.333571,259.8308432,1943.484415,20540
97,353,AM-Early,1,OP,AM,7,NB,7NB,0.6,70,10800,1,6,70,3600,1,6,2050,0.5,0,5.15,2.575,0.25,0.25,3.479,0.715,10541.6,832.7,11374.3,11374.3,13039.7,1.1,1.20737963,13039.7,0,1,1264.992,7421.2864,666.16,9099.44,1.79101658,5.370169862,0.117757855,0.11778132,80.9525468,242.7274722,43.93418875,63.03989906,0.21507718,0.571066904,0.819407414,-0.24834051,0.21358519,873.9147662,8402.693234,78.46120415,754.2387958,952.3759703,9156.93203,9156.93203,2374.290379,1187.145189,10665.40962,1.074609948,3.222101917,2.085884033,1191.927498,1191.927498,1191.927498,1191.927498,873.9147662,78.46120415,2217.36797,11374.3
98,354,AM-Peak,2,Peak,AM,7,NB,7NB,0.6,70,9000,1,6,70,3600,1,6,2050,0.5,0,5.15,2.575,0.285714286,0.285714286,3.479,0.715,8591.3,681.9,9273.2,9273.2,10637,1.1,1.181888889,10637,0,1,1030.956,6048.2752,545.52,7418.56,5.149999897,15.44999842,0.124302873,0.124032077,79.65677037,238.9702915,28.52153745,67.43092276,0.726495678,0.533879688,1.262204047,-0.728324359,0.523542833,751.817982,6808.526018,67.66197877,614.2380212,819.4799608,7422.764039,14845.52808,1985.759918,992.8799592,8651.240082,3.089999938,9.269999053,6.000439584,2950.343997,2950.343997,5900.687994,5900.687994,1503.635964,135.3239575,2669.915922,18546.4
99,355,AM-Shoulder,1,OP,AM,7,NB,7NB,0.6,70,12600,1,6,70,3600,1,6,2050,0.5,0,5.15,2.575,0.222222222,0.222222222,3.479,0.715,6586.7,946.9,7533.6,7533.6,9427.4,1.1,0.748206349,9427.4,0,1,790.404,4637.0368,757.52,6026.88,1.150828484,3.451846718,0.085373191,0.085381627,91.46526475,274.345029,62.79389345,69.72113682,0.286739026,0.5163427,0.573304155,-0.056961455,0.041312908,395.8786301,5400.41737,64.67829039,882.2217096,460.5569205,6282.63908,6282.63908,1380.317501,690.1587506,8047.082499,0.690497091,2.071108031,1.473971876,407.308769,407.308769,407.308769,407.308769,395.8786301,64.67829039,1250.96092,7533.6
100,356,MD,5,OP,MD,7,NB,7NB,0.6,70,9000,1,6,70,3600,1,6,2050,0.5,0,5.15,2.575,0.285714286,0.285714286,3.482,0.708,7601.5,704.3,8305.8,8305.8,9714.4,1.1,1.079377778,9714.4,0,1,912.18,5351.456,563.44,6644.64,3.275202274,9.819282812,0.113990224,0.114014656,81.27017344,243.6535977,37.01812272,68.92978037,0.462211721,0.522270633,0.972496641,-0.450226008,0.320747649,610.0136678,6079.306332,64.24041797,640.059582,674.2540857,6719.365914,33596.82957,1714.914922,857.4574608,7999.485078,1.965121364,5.891569687,3.898697893,1577.22779,1577.22779,7886.138951,7886.138951,3050.068339,321.2020898,4283.450429,41529
101,357,PM-Shoulder,1,OP,PM,7,NB,7NB,0.6,70,7200,1,6,70,3600,1,6,2050,0.5,0,5.15,2.575,0.333333333,0.333333333,3.632,0.592,7870.5,468.8,8339.3,8339.3,9276.9,1.1,1.288458333,9276.9,0,1,944.46,5540.832,375.04,6671.44,5.14998745,15.44968535,0.168562102,0.168354575,73.77889546,221.332718,23.98181236,66.57727786,0.484762592,0.540725021,1.50113759,-0.960412568,0.690796313,933.9742911,5992.065709,63.13969984,405.6603002,997.1139909,6397.726009,6397.726009,2067.853391,1033.926695,7209.046609,3.08999247,9.269811209,5.802189545,3471.266624,3471.266624,3471.266624,3471.266624,933.9742911,63.13969984,1941.573991,8339.3
102,358,PM-Peak,3,Peak,PM,7,NB,7NB,0.6,70,6300,1,6,70,3600,1,6,2050,0.5,0,5.15,2.575,0.363636364,0.363636364,3.632,0.592,7165,439.8,7604.8,7604.8,8484.4,1.1,1.346730159,8484.4,0,1,859.8,5044.16,351.84,6083.84,5.149997633,15.44990071,0.218656849,0.218491008,68.6134189,205.8390284,24.28547065,65.04672703,0.690203001,0.553448292,1.482367812,-0.92891952,0.677657469,1102.940132,5202.259868,76.87387643,362.9261236,1179.814009,5565.185991,16695.55797,2193.361762,1096.680881,6291.038238,3.08999858,9.269940424,5.821114835,4120.699698,4120.699698,12362.09909,12362.09909,3308.820397,230.6216293,4399.242027,22814.4
103,359,PM-Late,3,OP,NT,7,NB,7NB,0.6,70,9000,1,6,70,3600,1,6,2050,0.5,0,5.15,2.575,0.285714286,0.285714286,3.635,0.708,5188.7,381.3,5570,5570,6332.6,1.1,0.703622222,6332.6,0,1,622.644,3652.8448,305.04,4456,1.128820637,3.385972212,0.111045849,0.111045992,96.09121849,288.2319696,65.45476968,69.91097642,0.299413813,0.514940598,0.549998116,-0.035057518,0.024998681,405.6332527,4160.422747,33.87346925,347.4265308,439.5067219,4507.849278,13523.54783,1129.89766,564.9488302,5202.70234,0.677292382,2.031583327,1.302782833,343.5490875,343.5490875,1030.647262,1030.647262,1216.899758,101.6204077,1941.164166,16710
104,360,Night,8,OP,NT,7,SB,7SB,0.6,70,9000,1,6,70,3600,1,6,2050,0.5,0,5.15,2.575,0.285714286,0.285714286,3.635,0.708,1935,323.6,2258.6,2258.6,2905.8,1.1,0.322866667,2905.8,0,1,232.2,1362.24,258.88,1806.88,0.526440563,1.658439945,0.100440888,0.088812579,26441.35633,83297.91546,69.95108379,69.99970837,0,0.514287857,0.51464535,-0.000357493,0.000251745,136.8245955,1565.975405,22.99180034,300.6081997,159.8163958,1866.583604,14932.66883,437.9999965,218.9999982,2467.800004,0.315864338,0.995063967,0.689294341,66.09632234,66.09632234,528.7705787,528.7705787,1094.596764,183.9344027,1510.731166,18068.8
105,361,AM-Early,1,OP,AM,7,SB,7SB,0.6,70,6300,1,6,70,3600,1,6,2050,0.5,0,5.15,2.575,0.363636364,0.363636364,3.479,0.715,4941.2,390.3,5331.5,5331.5,6112.1,1.1,0.970174603,6112.1,0,1,592.944,3478.6048,312.24,4265.2,2.133590464,6.398023087,0.135293465,0.13535161,75.76464275,227.1963348,49.31835233,69.87485502,0.4960089,0.515206793,0.729951393,-0.2147446,0.150965975,470.6324966,3877.623503,42.26218673,348.0378133,512.8946833,4225.661317,4225.661317,1190.363057,595.1815284,4921.736943,1.280154279,3.838813852,2.484976926,764.718872,764.718872,764.718872,764.718872,470.6324966,42.26218673,1105.838683,5331.5
106,362,AM-Peak,2,Peak,AM,7,SB,7SB,0.6,70,6300,1,6,70,3600,1,6,2050,0.5,0,5.15,2.575,0.363636364,0.363636364,3.479,0.715,5970.3,483.7,6454,6454,7421.4,1.1,1.178,7421.4,0,1,716.436,4203.0912,386.96,5163.2,2.57499385,7.724983392,0.230024457,0.229953482,63.30104624,189.903184,39.13163357,67.47502003,0.574341875,0.533530779,0.919971816,-0.386441037,0.283980271,966.8137701,4287.05023,88.98279938,394.7172006,1055.796569,4681.767431,9363.534861,1950.198168,975.0990841,5471.201832,1.54499631,4.634990035,3.009036258,1906.158095,1906.158095,3812.316191,3812.316191,1933.62754,177.9655988,2828.029139,12908
107,363,AM-Shoulder,1,OP,AM,7,SB,7SB,0.6,70,6300,1,6,70,3600,1,6,2050,0.5,0,5.15,2.575,0.363636364,0.363636364,3.479,0.715,5832.9,838.5,6671.4,6671.4,8348.4,1.1,1.325142857,8348.4,0,1,699.948,4106.3616,670.8,5337.12,5.149939582,15.44990951,0.185973522,0.185858237,66.95443519,200.8644856,22.87409427,68.31763808,0.565097148,0.526950302,1.573832807,-1.046882505,0.741682965,763.6745281,4369.277472,124.6737052,713.8262948,888.3482333,5083.103767,5083.103767,1837.643644,918.8218219,6510.756356,3.089963749,9.269945707,6.59547115,3515.445087,3515.445087,3515.445087,3515.445087,763.6745281,124.6737052,1588.296233,6671.4
108,364,MD,5,OP,MD,7,SB,7SB,0.6,70,9000,1,6,70,3600,1,6,2050,0.5,0,5.15,2.575,0.285714286,0.285714286,3.482,0.708,7664.3,691.6,8355.9,8355.9,9739.1,1.1,1.082122222,9739.1,0,1,919.716,5395.6672,553.28,6684.72,3.308012809,9.917326713,0.11395949,0.113988199,81.31301964,243.7740808,36.74950199,68.89574554,0.4620829,0.522528637,0.979605112,-0.457076475,0.325723578,614.8874818,6129.696518,63.06739097,628.532609,677.9548728,6758.229127,33791.14564,1723.805655,861.9028274,8015.294345,1.984807686,5.950396028,3.922850464,1595.709352,1595.709352,7978.546762,7978.546762,3074.437409,315.3369549,4309.490364,41779.5
109,365,PM-Shoulder,1,OP,PM,7,SB,7SB,0.6,70,9000,1,6,70,3600,1,6,2050,0.5,0,5.15,2.575,0.285714286,0.285714286,3.632,0.592,9210.4,548.6,9759,9759,10856.2,1.1,1.206244444,10856.2,0,1,1105.248,6484.1216,438.88,7807.2,5.003922804,14.99843975,0.122733716,0.122760258,81.05154403,242.9387398,26.34629027,66.78566128,0.465298853,0.539037861,1.366416282,-0.827378421,0.596491398,795.8203366,7309.331663,53.87702214,494.7229779,849.6973587,7804.054641,7804.054641,2062.699403,1031.349702,8793.500597,3.002353682,8.999063852,5.637648218,2874.17688,2874.17688,2874.17688,2874.17688,795.8203366,53.87702214,1954.945359,9759
110,366,PM-Peak,3,Peak,PM,7,SB,7SB,0.6,70,8100,1,6,70,3600,1,6,2050,0.5,0,5.15,2.575,0.307692308,0.307692308,3.632,0.592,9339.2,580.6,9919.8,9919.8,11081,1.1,1.368024691,11081,0,1,1120.704,6574.7968,464.48,7935.84,5.149998153,15.44996382,0.211141747,0.210957228,72.35894573,217.0764067,22.14979631,52.64378191,0.458728002,0.683841447,1.625297113,-0.941455666,0.777707979,1388.214082,6830.281918,97.98541344,482.6145866,1486.199495,7312.896505,21938.68951,2802.874322,1401.437161,8278.125678,3.089998892,9.269978291,5.829076835,5197.90263,5197.90263,15593.70789,15593.70789,4164.642245,293.9562403,5579.302486,29759.4
111,367,PM-Late,3,OP,NT,7,SB,7SB,0.6,70,9000,1,6,70,3600,1,6,2050,0.5,0,5.15,2.575,0.285714286,0.285714286,3.635,0.708,5378.4,395.5,5773.9,5773.9,6564.9,1.1,0.729433333,6564.9,0,1,645.408,3786.3936,316.4,4619.12,1.20723777,3.621115284,0.111179706,0.111181181,96.04000882,288.0724514,64.44865768,69.88919053,0.31015476,0.515101115,0.558584171,-0.043483055,0.031008919,420.9701276,4312.021872,35.17772575,360.3222743,456.1478534,4672.344147,14017.03244,1171.911305,585.9556524,5392.988695,0.724342662,2.17266917,1.393393904,381.356183,381.356183,1144.068549,1144.068549,1262.910383,105.5331772,2013.85156,17321.7
112,368,Night,8,OP,NT,8,NB,8NB,8.4,70,8000,1,6,70,3600,1,6,2050,0.5,0,5.15,2.575,0.310344828,0.310344828,3.635,0.708,2304.7,380.6,2685.3,2685.3,3446.5,1.1,0.4308125,3446.5,0,1,276.564,1622.5088,304.48,2148.24,0.613895284,1.841120097,0.125575912,0.125586603,89.92659688,269.6969159,69.7636956,69.99812323,2.883260342,7.200193045,7.224387924,-0.024194879,0.017071547,203.7480226,1824.387977,38.23860898,342.361391,241.9866316,2166.749368,17333.99495,595.0278496,297.5139248,2851.47215,5.156720386,15.46540882,0.807820748,1642.047302,1642.047302,13136.37842,13136.37842,1629.984181,305.9088718,2212.457053,21482.4
113,369,AM-Early,1,OP,AM,8,NB,8NB,8.4,70,8800,1,6,70,3600,1,6,2050,0.5,0,5.15,2.575,0.290322581,0.290322581,3.479,0.715,10988.4,889.1,11877.5,11877.5,13655.7,1.1,1.551784091,13655.7,0,1,1318.608,7735.8336,711.28,9502,2.513645392,7.460719899,0.132509027,0.132990609,77.67356058,230.5419376,35,58.02947667,3.108976503,8.685241173,14.4,-5.714758827,5.04,1025.067786,8644.724214,94.5935601,794.5064399,1119.661346,9439.230654,9439.230654,2627.456466,1313.728233,11028.24353,21.11462129,62.67004715,2.931594437,27572.10097,27572.10097,27572.10097,27572.10097,1025.067786,94.5935601,2438.269346,11877.5
114,370,AM-Peak,2,Peak,AM,8,NB,8NB,8.4,70,8000,1,6,70,3600,1,6,2050,0.5,0,5.15,2.575,0.310344828,0.310344828,3.479,0.715,8955.4,728.1,9683.5,9683.5,11139.7,1.1,1.3924625,11139.7,0,1,1074.648,6304.6016,582.48,7746.8,3.94999917,11.7107785,0.197743491,0.198351169,63.85302437,189.3085525,25.25652511,56.45150208,6.545277604,8.928017527,19.9552392,-11.02722167,8.92866744,1246.693927,6634.058073,115.5355888,612.5644112,1362.229516,7246.622484,14493.24497,2667.948693,1333.974347,8471.751307,33.17999303,98.37053944,4.608218801,52730.594,52730.594,105461.188,105461.188,2493.387854,231.0711776,3799.107032,19367
115,371,AM-Shoulder,1,OP,AM,8,NB,8NB,8.4,70,9600,1,6,70,3600,1,6,2050,0.5,0,5.15,2.575,0.272727273,0.272727273,3.479,0.715,6865.9,1011,7876.9,7876.9,9898.9,1.1,1.031135417,9898.9,0,1,823.908,4833.5936,808.8,6301.52,1.947372269,5.814870375,0.151162344,0.151765054,74.57996603,222.6964212,45.04180488,67.86647264,4.63005633,7.426347361,11.18960489,-3.763257525,2.792723421,730.6573374,5311.334663,122.7475759,888.2524241,853.4049133,6199.587087,6199.587087,1922.808065,961.4040325,7976.091935,16.35792706,48.84491115,2.503645159,17947.63387,17947.63387,17947.63387,17947.63387,730.6573374,122.7475759,1677.312913,7876.9
116,372,MD,5,OP,MD,8,NB,8NB,8.4,70,8000,1,6,70,3600,1,6,2050,0.5,0,5.15,2.575,0.310344828,0.310344828,3.482,0.708,7923.6,752,8675.6,8675.6,10179.6,1.1,1.27245,10179.6,0,1,950.832,5578.2144,601.6,6940.48,4.413085187,8.833452774,0.146944575,0.310234726,76.0491143,152.2237236,26.50747594,63.78293994,5.478641629,7.901799454,19.013504,-11.11170455,8.269452803,819.6883431,6153.079657,186.6372111,565.3627889,1006.325554,6718.442446,33592.21223,2330.431977,1165.215988,7849.168023,37.06991557,74.2010033,5.232904455,44234.446,44234.446,221172.23,221172.23,4098.441716,933.1860557,5982.459771,43378
117,373,PM-Shoulder,1,OP,PM,8,NB,8NB,8.4,70,7200,1,6,70,3600,1,6,2050,0.5,0,5.15,2.575,0.333333333,0.333333333,3.632,0.592,8204.1,500.6,8704.7,8704.7,9705.9,1.1,1.348041667,9705.9,0,1,984.492,5775.6864,400.48,6963.76,5.149998765,15.44998302,0.199440189,0.196693797,71.46817898,214.4043528,22.43581066,62.47668273,5.788576626,8.06700961,22.46408688,-14.39707727,10.68486082,1151.90399,6067.70401,78.77193189,421.8280681,1230.675922,6489.532078,6489.532078,2372.711786,1186.355893,7333.188214,43.25998963,129.7798574,5.809270344,60054.36475,60054.36475,60054.36475,60054.36475,1151.90399,78.77193189,2215.167922,8704.7
118,374,PM-Peak,3,Peak,PM,8,NB,8NB,8.4,70,6800,1,6,70,3600,1,6,2050,0.5,0,5.15,2.575,0.346153846,0.346153846,3.632,0.592,7468.7,469.6,7938.3,7938.3,8877.5,1.1,1.305514706,8877.5,0,1,896.244,5257.9648,375.68,6350.64,5.149999951,15.44999918,0.196800882,0.194211281,71.17524325,213.5257205,25.22107726,65.63977763,9.744260332,7.678270984,19.98328599,-12.30501501,8.948300195,1034.772112,5537.683888,72.96129396,396.638706,1107.733406,5934.322594,17802.96778,2149.899994,1074.949997,6727.600006,43.25999959,129.7799931,5.828413428,54233.15735,54233.15735,162699.472,162699.472,3104.316335,218.8838819,4219.444217,23814.9
119,375,PM-Late,3,OP,NT,8,NB,8NB,8.4,70,8000,1,6,70,3600,1,6,2050,0.5,0,5.15,2.575,0.310344828,0.310344828,3.635,0.708,5408.6,407.1,5815.7,5815.7,6629.9,1.1,0.8287375,6629.9,0,1,649.032,3807.6544,325.68,4652.56,1.595728063,4.771262779,0.121206796,0.121335818,92.76689754,277.3751089,59.54101477,69.85072403,5.234420973,7.215386912,8.464753278,-1.249366366,0.885327295,461.5135907,4298.054409,39.51664905,367.583351,501.0302398,4665.63776,13996.91328,1229.095538,614.5477689,5400.804462,13.40411573,40.07860734,1.846184984,7769.953842,7769.953842,23309.86153,23309.86153,1384.540772,118.5499471,2152.122719,17447.1
120,376,Night,8,OP,NT,8,SB,8SB,8.4,70,8000,1,6,70,3600,1,6,2050,0.5,0,5.15,2.575,0.310344828,0.310344828,3.635,0.708,2063,353.4,2416.4,2416.4,3123.2,1.1,0.3904,3123.2,0,1,247.56,1452.352,282.72,1933.12,0.554166433,1.662139523,0.125794511,0.125797005,89.78561872,269.2985655,69.86909503,69.99898824,2.621302092,7.200104069,7.213489738,-0.013385669,0.009442817,182.6979097,1632.74209,35.56532934,317.8346707,218.263239,1950.576761,15604.61409,536.9538977,268.4769489,2586.246102,4.654998038,13.96197199,0.73470727,1347.020543,1347.020543,10776.16435,10776.16435,1461.583277,284.5226347,1993.665912,19331.2
121,377,AM-Early,1,OP,AM,8,SB,8SB,8.4,70,6000,1,6,70,3600,1,6,2050,0.5,0,5.15,2.575,0.375,0.375,3.479,0.715,5268,426.3,5694.3,5694.3,6546.9,1.1,1.09115,6546.9,0,1,632.16,3708.672,341.04,4555.44,2.574999896,7.724998424,0.168208663,0.167071248,70.262929,210.7887525,40.93628107,69.6178766,7.049459046,7.239519856,12.31181697,-5.072297113,3.578271879,623.8307599,4012.00924,56.97797834,369.3220217,680.8087383,4381.331262,4381.331262,1426.924695,713.4623475,5119.975305,21.62999912,64.88998676,3.006011556,17190.75905,17190.75905,17190.75905,17190.75905,623.8307599,56.97797834,1312.968738,5694.3
122,378,AM-Peak,2,Peak,AM,8,SB,8SB,8.4,70,6000,1,6,70,3600,1,6,2050,0.5,0,5.15,2.575,0.375,0.375,3.479,0.715,6365,528.2,6893.2,6893.2,7949.6,1.1,1.324933333,7949.6,0,1,763.8,4480.96,422.56,5514.56,5.149999991,15.44999972,0.205478148,0.203123558,65.77264465,197.3179307,24.59048148,67.57475013,11.19938957,7.458407157,20.49573533,-13.03732817,9.307014732,920.7393639,4680.460636,85.83189049,442.3681095,1006.571254,5122.828746,10245.65749,1942.035035,971.0175177,6007.564965,43.25999993,129.7799977,6.028296928,50970.44736,50970.44736,101940.8947,101940.8947,1841.478728,171.663781,2776.942509,13786.4
123,379,AM-Shoulder,1,OP,AM,8,SB,8SB,8.4,70,6800,1,6,70,3600,1,6,2050,0.5,0,5.15,2.575,0.346153846,0.346153846,3.479,0.715,6218.6,915.7,7134.3,7134.3,8965.7,1.1,1.318485294,8965.7,0,1,746.232,4377.8944,732.56,5707.44,5.149999979,15.44999992,0.182034178,0.180386978,68.22685059,204.6805516,22.95745941,67.70327476,7.500167604,7.444248477,21.95364875,-14.50940027,10.32755412,796.9264064,4675.441594,132.1442842,783.5557158,929.0706906,5458.997309,5458.997309,1939.591259,969.7956296,7026.108741,43.25999983,129.7799994,6.614997351,51624.72133,51624.72133,51624.72133,51624.72133,796.9264064,132.1442842,1675.302691,7134.3
124,380,MD,5,OP,MD,8,SB,8SB,8.4,70,8000,1,6,70,3600,1,6,2050,0.5,0,5.15,2.575,0.310344828,0.310344828,3.482,0.708,8171,755.3,8926.3,8926.3,10436.9,1.1,1.3046125,10436.9,0,1,980.52,5752.384,604.24,7141.04,3.428793007,10.19631258,0.216232139,0.216828652,67.26336588,200.0232451,27.17067385,57.59903314,4.094111374,8.750146878,18.54941114,-9.799264258,7.944587795,1243.850296,5946.629704,131.0165447,624.2834553,1374.86684,6570.91316,32854.5658,2617.41993,1308.709965,7819.48007,28.80186125,85.6490257,4.073696938,47046.64304,47046.64304,235233.2152,235233.2152,6219.251479,655.0827233,7854.854202,44631.5
125,381,PM-Shoulder,1,OP,PM,8,SB,8SB,8.4,70,8000,1,6,70,3600,1,6,2050,0.5,0,5.15,2.575,0.310344828,0.310344828,3.632,0.592,9819.4,599.1,10418.5,10418.5,11616.7,1.1,1.4520875,11616.7,0,1,1178.328,6912.8576,479.28,8334.8,3.424143952,10.19632076,0.206112236,0.206238062,66.63044751,198.4102961,25.25652511,49.8934677,3.233125912,10.10152277,19.9552392,-9.853716432,8.92866744,1424.824541,7216.247459,98.8457782,500.2542218,1523.670319,7716.501681,7716.501681,2899.689875,1449.844938,8717.010125,28.7628092,85.64909439,3.86347855,49448.00779,49448.00779,49448.00779,49448.00779,1424.824541,98.8457782,2701.998319,10418.5
126,382,PM-Peak,3,Peak,PM,8,SB,8SB,8.4,70,7200,1,6,70,3600,1,6,2050,0.5,0,5.15,2.575,0.333333333,0.333333333,3.632,0.592,9956.8,634,10590.8,10590.8,11858.8,1.1,1.647055556,11858.8,0,1,1194.816,7009.5872,507.2,8472.64,5.149997913,15.44999622,0.252905765,0.25290572,57.49520065,172.4856296,16.15320786,35.1709658,4.700832275,14.33000171,31.20123287,-16.87123116,16.80086301,1772.765012,6989.218988,128.2737812,505.7262188,1901.038793,7494.945207,22484.83562,3352.402355,1676.201178,8506.397645,43.25998247,129.7799682,5.844996738,93337.15056,66505.90766,280011.4517,199517.723,5318.295035,384.8213435,6897.932378,31772.4
127,383,PM-Late,3,OP,NT,8,SB,8SB,8.4,70,8000,1,6,70,3600,1,6,2050,0.5,0,5.15,2.575,0.310344828,0.310344828,3.635,0.708,5734.1,431.9,6166,6166,7029.8,1.1,0.878725,7029.8,0,1,688.092,4036.8064,345.52,4932.8,1.865567162,5.573487442,0.120890009,0.121053238,92.94529351,277.6793228,55.99830104,69.78975018,5.559929629,7.221690845,9.000273056,-1.77858221,1.260191139,488.0095627,4557.998437,41.82631479,390.0736852,529.8358775,4948.072123,14844.21637,1301.580507,650.7902535,5728.219493,15.67076416,46.81729451,2.158277881,9605.677663,9605.677663,28817.03299,28817.03299,1464.028688,125.4789444,2277.599632,18498
